indicator_id,country_id,year,value,magnitude,qualifier
#indicator+code,#country+code,#date+year,#indicator+value+num,,
200101,DEU,1970,78306.96200,,
200101,DEU,1971,78103.24300,,
200101,DEU,1972,78588.50100,,
200101,DEU,1973,78851.33600,,
200101,DEU,1974,79082.60700,,
200101,DEU,1975,78910.77800,,
200101,DEU,1976,78492.95200,,
200101,DEU,1977,78236.05800,,
200101,DEU,1978,78135.06000,,
200101,DEU,1979,78095.65900,,
200101,DEU,1980,78200.14300,,
200101,DEU,1981,78430.60700,,
200101,DEU,1982,78465.47300,,
200101,DEU,1983,78321.87600,,
200101,DEU,1984,78126.39100,,
200101,DEU,1985,77870.00600,,
200101,DEU,1986,77856.84200,,
200101,DEU,1987,77990.77300,,
200101,DEU,1988,78133.87500,,
200101,DEU,1989,78638.11000,,
200101,DEU,1990,79376.02000,,
200101,DEU,1991,80039.89800,,
200101,DEU,1992,80566.49400,,
200101,DEU,1993,81303.30200,,
200101,DEU,1994,81670.24300,,
200101,DEU,1995,81876.99000,,
200101,DEU,1996,82162.79100,,
200101,DEU,1997,82363.58800,,
200101,DEU,1998,82415.68800,,
200101,DEU,1999,81608.19000,,
200101,DEU,2000,81748.38400,,
200101,DEU,2001,81846.13300,,
200101,DEU,2002,82021.63600,,
200101,DEU,2003,82115.01700,,
200101,DEU,2004,82108.21400,,
200101,DEU,2005,82077.20300,,
200101,DEU,2006,82016.25800,,
200101,DEU,2007,81387.68400,,
200101,DEU,2008,81209.40100,,
200101,DEU,2009,81012.15200,,
200101,DEU,2010,80858.41400,,
200101,DEU,2011,80803.43400,,
200101,DEU,2012,80912.31300,,
200101,DEU,2013,80920.46800,,
200101,DEU,2014,81162.69500,,
200101,DEU,2015,81589.46500,,
200101,DEU,2016,82565.63600,,
200101,DEU,2017,82954.56900,,
200101,DEU,2018,83253.44500,,
200101,DEU,2019,83483.56600,,
200101,DEU,2020,83634.80700,,
200101,DEU,2021,83622.61000,,
200101,DEU,2022,83771.55500,,
200101,DEU,2023,84400.89900,,
200144,DEU,1970,9996.81400,,
200144,DEU,1971,10247.13000,,
200144,DEU,1972,10638.14200,,
200144,DEU,1973,10926.91100,,
200144,DEU,1974,11209.32700,,
200144,DEU,1975,11330.17200,,
200144,DEU,1976,11418.93200,,
200144,DEU,1977,11619.97800,,
200144,DEU,1978,11842.40300,,
200144,DEU,1979,12138.46300,,
200144,DEU,1980,12450.99800,,
200144,DEU,1981,12774.11900,,
200144,DEU,1982,12978.88200,,
200144,DEU,1983,13052.93800,,
200144,DEU,1984,13060.40600,,
200144,DEU,1985,12944.25700,,
200144,DEU,1986,12759.75000,,
200144,DEU,1987,12508.98100,,
200144,DEU,1988,12062.92100,,
200144,DEU,1989,11609.60200,,
200144,DEU,1990,11183.55100,,
200144,DEU,1991,10737.80900,,
200144,DEU,1992,10326.40600,,
200144,DEU,1993,10036.46300,,
200144,DEU,1994,9685.15500,,
200144,DEU,1995,9368.85900,,
200144,DEU,1996,9230.07900,,
200144,DEU,1997,9132.70400,,
200144,DEU,1998,9278.72100,,
200144,DEU,1999,8977.54000,,
200144,DEU,2000,9097.81300,,
200144,DEU,2001,9225.31500,,
200144,DEU,2002,9367.01800,,
200144,DEU,2003,9488.33200,,
200144,DEU,2004,9611.85000,,
200144,DEU,2005,9643.45500,,
200144,DEU,2006,9743.13600,,
200144,DEU,2007,9409.56200,,
200144,DEU,2008,9290.35000,,
200144,DEU,2009,9186.48000,,
200144,DEU,2010,9295.54800,,
200144,DEU,2011,9191.35600,,
200144,DEU,2012,9116.60500,,
200144,DEU,2013,8829.72900,,
200144,DEU,2014,8739.58900,,
200144,DEU,2015,8691.28700,,
200144,DEU,2016,8817.06500,,
200144,DEU,2017,8803.74100,,
200144,DEU,2018,8748.97700,,
200144,DEU,2019,8676.52600,,
200144,DEU,2020,8613.04500,,
200144,DEU,2021,8489.89700,,
200144,DEU,2022,8299.66900,,
200144,DEU,2023,8186.36700,,
200151,DEU,1970,10589.75600,,
200151,DEU,1971,10780.29900,,
200151,DEU,1972,10997.04100,,
200151,DEU,1973,11208.39900,,
200151,DEU,1974,11411.70800,,
200151,DEU,1975,11611.04000,,
200151,DEU,1976,11744.96700,,
200151,DEU,1977,11863.26700,,
200151,DEU,1978,12042.33200,,
200151,DEU,1979,12167.45600,,
200151,DEU,1980,12265.26400,,
200151,DEU,1981,12163.77100,,
200151,DEU,1982,11893.29600,,
200151,DEU,1983,11586.58200,,
200151,DEU,1984,11292.90600,,
200151,DEU,1985,11244.00200,,
200151,DEU,1986,11385.58700,,
200151,DEU,1987,11524.97300,,
200151,DEU,1988,11651.51200,,
200151,DEU,1989,11721.20800,,
200151,DEU,1990,11793.47100,,
200151,DEU,1991,11907.38200,,
200151,DEU,1992,12026.26500,,
200151,DEU,1993,12169.67200,,
200151,DEU,1994,12353.32300,,
200151,DEU,1995,12535.55100,,
200151,DEU,1996,12722.96600,,
200151,DEU,1997,12845.85200,,
200151,DEU,1998,12940.94400,,
200151,DEU,1999,13023.00300,,
200151,DEU,2000,13297.45300,,
200151,DEU,2001,13631.40100,,
200151,DEU,2002,13989.66700,,
200151,DEU,2003,14348.58600,,
200151,DEU,2004,14748.90800,,
200151,DEU,2005,15240.88200,,
200151,DEU,2006,15704.98700,,
200151,DEU,2007,16151.62800,,
200151,DEU,2008,16353.47100,,
200151,DEU,2009,16556.92600,,
200151,DEU,2010,16661.49700,,
200151,DEU,2011,16584.98200,,
200151,DEU,2012,16601.51200,,
200151,DEU,2013,16796.97000,,
200151,DEU,2014,16937.36000,,
200151,DEU,2015,17173.32600,,
200151,DEU,2016,17386.82800,,
200151,DEU,2017,17595.86100,,
200151,DEU,2018,17795.87600,,
200151,DEU,2019,17968.81500,,
200151,DEU,2020,18176.20400,,
200151,DEU,2021,18360.72400,,
200151,DEU,2022,18691.20000,,
200151,DEU,2023,19078.49400,,
200343,DEU,1970,18174.08200,,
200343,DEU,1971,18048.98000,,
200343,DEU,1972,18017.66600,,
200343,DEU,1973,17830.96000,,
200343,DEU,1974,17535.35500,,
200343,DEU,1975,17157.48900,,
200343,DEU,1976,16651.10900,,
200343,DEU,1977,16134.21600,,
200343,DEU,1978,15634.54200,,
200343,DEU,1979,15128.84600,,
200343,DEU,1980,14650.75300,,
200343,DEU,1981,14262.26800,,
200343,DEU,1982,13843.02300,,
200343,DEU,1983,13410.22700,,
200343,DEU,1984,12978.06100,,
200343,DEU,1985,12581.66200,,
200343,DEU,1986,12351.53100,,
200343,DEU,1987,12234.34300,,
200343,DEU,1988,12177.89300,,
200343,DEU,1989,12391.90700,,
200343,DEU,1990,12669.73700,,
200343,DEU,1991,12975.17700,,
200343,DEU,1992,13136.30000,,
200343,DEU,1993,13282.74900,,
200343,DEU,1994,13353.90000,,
200343,DEU,1995,13351.17200,,
200343,DEU,1996,13306.70100,,
200343,DEU,1997,13268.91900,,
200343,DEU,1998,13225.36400,,
200343,DEU,1999,12912.03500,,
200343,DEU,2000,12856.02000,,
200343,DEU,2001,12752.40800,,
200343,DEU,2002,12614.47200,,
200343,DEU,2003,12436.99200,,
200343,DEU,2004,12218.43700,,
200343,DEU,2005,12005.50000,,
200343,DEU,2006,11776.87200,,
200343,DEU,2007,11444.28400,,
200343,DEU,2008,11295.43500,,
200343,DEU,2009,11160.96100,,
200343,DEU,2010,11107.87600,,
200343,DEU,2011,11033.18800,,
200343,DEU,2012,10926.20700,,
200343,DEU,2013,10744.50800,,
200343,DEU,2014,10703.23500,,
200343,DEU,2015,10746.09600,,
200343,DEU,2016,10938.97500,,
200343,DEU,2017,11119.06500,,
200343,DEU,2018,11247.57900,,
200343,DEU,2019,11366.32200,,
200343,DEU,2020,11466.38800,,
200343,DEU,2021,11551.12000,,
200343,DEU,2022,11645.91300,,
200343,DEU,2023,11751.13200,,
200345,DEU,1970,39546.31000,,
200345,DEU,1971,39026.83400,,
200345,DEU,1972,38935.65200,,
200345,DEU,1973,38885.06600,,
200345,DEU,1974,38926.21700,,
200345,DEU,1975,38812.07700,,
200345,DEU,1976,38677.94400,,
200345,DEU,1977,38618.59700,,
200345,DEU,1978,38615.78300,,
200345,DEU,1979,38660.89400,,
200345,DEU,1980,38833.12800,,
200345,DEU,1981,39230.44900,,
200345,DEU,1982,39750.27200,,
200345,DEU,1983,40272.12900,,
200345,DEU,1984,40795.01800,,
200345,DEU,1985,41100.08500,,
200345,DEU,1986,41359.97400,,
200345,DEU,1987,41722.47600,,
200345,DEU,1988,42241.54900,,
200345,DEU,1989,42915.39300,,
200345,DEU,1990,43729.26100,,
200345,DEU,1991,44419.53000,,
200345,DEU,1992,45077.52300,,
200345,DEU,1993,45814.41800,,
200345,DEU,1994,46277.86500,,
200345,DEU,1995,46621.40800,,
200345,DEU,1996,46903.04500,,
200345,DEU,1997,47116.11300,,
200345,DEU,1998,46970.65900,,
200345,DEU,1999,46695.61200,,
200345,DEU,2000,46497.09800,,
200345,DEU,2001,46237.00900,,
200345,DEU,2002,46050.47900,,
200345,DEU,2003,45841.10700,,
200345,DEU,2004,45529.01900,,
200345,DEU,2005,45187.36600,,
200345,DEU,2006,44791.26300,,
200345,DEU,2007,44382.21000,,
200345,DEU,2008,44270.14500,,
200345,DEU,2009,44107.78500,,
200345,DEU,2010,43793.49300,,
200345,DEU,2011,43993.90800,,
200345,DEU,2012,44267.98900,,
200345,DEU,2013,44549.26100,,
200345,DEU,2014,44782.51100,,
200345,DEU,2015,44978.75600,,
200345,DEU,2016,45422.76800,,
200345,DEU,2017,45435.90200,,
200345,DEU,2018,45461.01300,,
200345,DEU,2019,45471.90300,,
200345,DEU,2020,45379.17000,,
200345,DEU,2021,45220.86900,,
200345,DEU,2022,45134.77300,,
200345,DEU,2023,45384.90600,,
NY.GDP.DEFL.ZS,DEU,1970,32.03714,,
NY.GDP.DEFL.ZS,DEU,1971,34.47880,,
NY.GDP.DEFL.ZS,DEU,1972,36.04133,,
NY.GDP.DEFL.ZS,DEU,1973,38.31176,,
NY.GDP.DEFL.ZS,DEU,1974,41.09905,,
NY.GDP.DEFL.ZS,DEU,1975,43.42798,,
NY.GDP.DEFL.ZS,DEU,1976,44.86379,,
NY.GDP.DEFL.ZS,DEU,1977,46.25489,,
NY.GDP.DEFL.ZS,DEU,1978,47.89502,,
NY.GDP.DEFL.ZS,DEU,1979,49.94404,,
NY.GDP.DEFL.ZS,DEU,1980,52.66658,,
NY.GDP.DEFL.ZS,DEU,1981,54.86554,,
NY.GDP.DEFL.ZS,DEU,1982,57.37896,,
NY.GDP.DEFL.ZS,DEU,1983,58.99012,,
NY.GDP.DEFL.ZS,DEU,1984,60.16352,,
NY.GDP.DEFL.ZS,DEU,1985,61.44183,,
NY.GDP.DEFL.ZS,DEU,1986,63.28481,,
NY.GDP.DEFL.ZS,DEU,1987,64.09464,,
NY.GDP.DEFL.ZS,DEU,1988,65.17814,,
NY.GDP.DEFL.ZS,DEU,1989,67.05466,,
NY.GDP.DEFL.ZS,DEU,1990,69.33227,,
NY.GDP.DEFL.ZS,DEU,1991,71.47122,,
NY.GDP.DEFL.ZS,DEU,1992,75.26362,,
NY.GDP.DEFL.ZS,DEU,1993,78.18661,,
NY.GDP.DEFL.ZS,DEU,1994,79.79069,,
NY.GDP.DEFL.ZS,DEU,1995,81.37161,,
NY.GDP.DEFL.ZS,DEU,1996,81.86169,,
NY.GDP.DEFL.ZS,DEU,1997,82.08502,,
NY.GDP.DEFL.ZS,DEU,1998,82.65015,,
NY.GDP.DEFL.ZS,DEU,1999,82.93375,,
NY.GDP.DEFL.ZS,DEU,2000,82.52788,,
NY.GDP.DEFL.ZS,DEU,2001,83.60487,,
NY.GDP.DEFL.ZS,DEU,2002,84.75705,,
NY.GDP.DEFL.ZS,DEU,2003,85.87690,,
NY.GDP.DEFL.ZS,DEU,2004,86.83494,,
NY.GDP.DEFL.ZS,DEU,2005,87.18680,,
NY.GDP.DEFL.ZS,DEU,2006,87.53318,,
NY.GDP.DEFL.ZS,DEU,2007,89.08276,,
NY.GDP.DEFL.ZS,DEU,2008,89.89281,,
NY.GDP.DEFL.ZS,DEU,2009,91.54854,,
NY.GDP.DEFL.ZS,DEU,2010,92.13928,,
NY.GDP.DEFL.ZS,DEU,2011,93.12470,,
NY.GDP.DEFL.ZS,DEU,2012,94.51830,,
NY.GDP.DEFL.ZS,DEU,2013,96.37028,,
NY.GDP.DEFL.ZS,DEU,2014,98.18006,,
NY.GDP.DEFL.ZS,DEU,2015,100,,
NY.GDP.DEFL.ZS,DEU,2016,101.32775,,
NY.GDP.DEFL.ZS,DEU,2017,102.85146,,
NY.GDP.DEFL.ZS,DEU,2018,104.91619,,
NY.GDP.DEFL.ZS,DEU,2019,107.15123,,
NY.GDP.DEFL.ZS,DEU,2020,109.15773,,
NY.GDP.DEFL.ZS,DEU,2021,112.45390,,
NY.GDP.DEFL.ZS,DEU,2022,118.37834,,
NY.GDP.DEFL.ZS,DEU,2023,126.22446,,
NY.GDP.MKTP.CD,DEU,1970,215838448137.65799,,
NY.GDP.MKTP.CD,DEU,1971,249985055484.30301,,
NY.GDP.MKTP.CD,DEU,1972,299801542047.47601,,
NY.GDP.MKTP.CD,DEU,1973,398374021953.89697,,
NY.GDP.MKTP.CD,DEU,1974,445303484241.55402,,
NY.GDP.MKTP.CD,DEU,1975,490636517211.22498,,
NY.GDP.MKTP.CD,DEU,1976,519754453161.41101,,
NY.GDP.MKTP.CD,DEU,1977,600498238019.03503,,
NY.GDP.MKTP.CD,DEU,1978,740469983446.93298,,
NY.GDP.MKTP.CD,DEU,1979,881345176608.68604,,
NY.GDP.MKTP.CD,DEU,1980,950290856466.53796,,
NY.GDP.MKTP.CD,DEU,1981,800472055387.27795,,
NY.GDP.MKTP.CD,DEU,1982,776576439106.95605,,
NY.GDP.MKTP.CD,DEU,1983,770684323247.79797,,
NY.GDP.MKTP.CD,DEU,1984,725111123634.11499,,
NY.GDP.MKTP.CD,DEU,1985,732534887058.19800,,
NY.GDP.MKTP.CD,DEU,1986,1046259374943.71000,,
NY.GDP.MKTP.CD,DEU,1987,1298176105549.51000,,
NY.GDP.MKTP.CD,DEU,1988,1401233225303.49000,,
NY.GDP.MKTP.CD,DEU,1989,1398967436804.33010,,
NY.GDP.MKTP.CD,DEU,1990,1771671206875.67990,,
NY.GDP.MKTP.CD,DEU,1991,1868945197407.18990,,
NY.GDP.MKTP.CD,DEU,1992,2131571696931.75000,,
NY.GDP.MKTP.CD,DEU,1993,2071323790370.28000,,
NY.GDP.MKTP.CD,DEU,1994,2205074123177.04980,,
NY.GDP.MKTP.CD,DEU,1995,2585792275146.72020,,
NY.GDP.MKTP.CD,DEU,1996,2497244606186.64010,,
NY.GDP.MKTP.CD,DEU,1997,2211989623279.95020,,
NY.GDP.MKTP.CD,DEU,1998,2238990774702.68020,,
NY.GDP.MKTP.CD,DEU,1999,2194945278872.59010,,
NY.GDP.MKTP.CD,DEU,2000,1947981991011.77000,,
NY.GDP.MKTP.CD,DEU,2001,1945790973803.14990,,
NY.GDP.MKTP.CD,DEU,2002,2078484517474.51000,,
NY.GDP.MKTP.CD,DEU,2003,2501640388482.35010,,
NY.GDP.MKTP.CD,DEU,2004,2814353869359.08010,,
NY.GDP.MKTP.CD,DEU,2005,2846864211175.10010,,
NY.GDP.MKTP.CD,DEU,2006,2994703642023.52980,,
NY.GDP.MKTP.CD,DEU,2007,3425578382921.58010,,
NY.GDP.MKTP.CD,DEU,2008,3745264093617.18990,,
NY.GDP.MKTP.CD,DEU,2009,3411261212652.33980,,
NY.GDP.MKTP.CD,DEU,2010,3399667820000.00980,,
NY.GDP.MKTP.CD,DEU,2011,3749314991050.58980,,
NY.GDP.MKTP.CD,DEU,2012,3527143188785.16020,,
NY.GDP.MKTP.CD,DEU,2013,3733804649549.02980,,
NY.GDP.MKTP.CD,DEU,2014,3889093051023.52000,,
NY.GDP.MKTP.CD,DEU,2015,3357585719351.56010,,
NY.GDP.MKTP.CD,DEU,2016,3469853463945.52980,,
NY.GDP.MKTP.CD,DEU,2017,3690849152517.64990,,
NY.GDP.MKTP.CD,DEU,2018,3974443355019.60010,,
NY.GDP.MKTP.CD,DEU,2019,3889177589254.89990,,
NY.GDP.MKTP.CD,DEU,2020,3887727161914.41020,,
NY.GDP.MKTP.CD,DEU,2021,4278503934689.85010,,
NY.GDP.MKTP.CD,DEU,2022,4082469490797.68020,,
NY.GDP.MKTP.CD,DEU,2023,4456081016705.96000,,
NY.GDP.MKTP.CN,DEU,1970,403898488000,,
NY.GDP.MKTP.CN,DEU,1971,448298200000,,
NY.GDP.MKTP.CN,DEU,1972,488766454000,,
NY.GDP.MKTP.CN,DEU,1973,544378101000,,
NY.GDP.MKTP.CN,DEU,1974,589181040000,,
NY.GDP.MKTP.CN,DEU,1975,617171675000,,
NY.GDP.MKTP.CN,DEU,1976,669131883000,,
NY.GDP.MKTP.CN,DEU,1977,712971558000,,
NY.GDP.MKTP.CN,DEU,1978,760462673000,,
NY.GDP.MKTP.CN,DEU,1979,825908565000,,
NY.GDP.MKTP.CN,DEU,1980,883200322000,,
NY.GDP.MKTP.CN,DEU,1981,924945460000,,
NY.GDP.MKTP.CN,DEU,1982,963498388000,,
NY.GDP.MKTP.CN,DEU,1983,1006128384000,,
NY.GDP.MKTP.CN,DEU,1984,1055109196000,,
NY.GDP.MKTP.CN,DEU,1985,1102611512000,,
NY.GDP.MKTP.CN,DEU,1986,1161661784000,,
NY.GDP.MKTP.CN,DEU,1987,1193023841000,,
NY.GDP.MKTP.CN,DEU,1988,1258167313000,,
NY.GDP.MKTP.CN,DEU,1989,1344827397000,,
NY.GDP.MKTP.CN,DEU,1990,1463577584000,,
NY.GDP.MKTP.CN,DEU,1991,1585800000000,,
NY.GDP.MKTP.CN,DEU,1992,1702060000000,,
NY.GDP.MKTP.CN,DEU,1993,1750890000000,,
NY.GDP.MKTP.CN,DEU,1994,1829550000000,,
NY.GDP.MKTP.CN,DEU,1995,1894610000000,,
NY.GDP.MKTP.CN,DEU,1996,1921380000000,,
NY.GDP.MKTP.CN,DEU,1997,1961150000000,,
NY.GDP.MKTP.CN,DEU,1998,2014420000000,,
NY.GDP.MKTP.CN,DEU,1999,2059480000000,,
NY.GDP.MKTP.CN,DEU,2000,2109090000000,,
NY.GDP.MKTP.CN,DEU,2001,2172540000000,,
NY.GDP.MKTP.CN,DEU,2002,2198120000000,,
NY.GDP.MKTP.CN,DEU,2003,2211570000000,,
NY.GDP.MKTP.CN,DEU,2004,2262520000000,,
NY.GDP.MKTP.CN,DEU,2005,2288310000000,,
NY.GDP.MKTP.CN,DEU,2006,2385080000000,,
NY.GDP.MKTP.CN,DEU,2007,2499550000000,,
NY.GDP.MKTP.CN,DEU,2008,2546490000000,,
NY.GDP.MKTP.CN,DEU,2009,2445730000000,,
NY.GDP.MKTP.CN,DEU,2010,2564400000000,,
NY.GDP.MKTP.CN,DEU,2011,2693560000000,,
NY.GDP.MKTP.CN,DEU,2012,2745310000000,,
NY.GDP.MKTP.CN,DEU,2013,2811350000000,,
NY.GDP.MKTP.CN,DEU,2014,2927430000000,,
NY.GDP.MKTP.CN,DEU,2015,3026180000000,,
NY.GDP.MKTP.CN,DEU,2016,3134740000000,,
NY.GDP.MKTP.CN,DEU,2017,3267160000000,,
NY.GDP.MKTP.CN,DEU,2018,3365450000000,,
NY.GDP.MKTP.CN,DEU,2019,3474110000000,,
NY.GDP.MKTP.CN,DEU,2020,3403730000000,,
NY.GDP.MKTP.CN,DEU,2021,3617450000000,,
NY.GDP.MKTP.CN,DEU,2022,3876810000000,,
NY.GDP.MKTP.CN,DEU,2023,4121160000000,,
NY.GDP.MKTP.KD,DEU,1970,1398784449060.79000,,
NY.GDP.MKTP.KD,DEU,1971,1442604165833.27000,,
NY.GDP.MKTP.KD,DEU,1972,1504641069065.52000,,
NY.GDP.MKTP.KD,DEU,1973,1576525098914.38990,,
NY.GDP.MKTP.KD,DEU,1974,1590557256007.34010,,
NY.GDP.MKTP.KD,DEU,1975,1576771277634.57010,,
NY.GDP.MKTP.KD,DEU,1976,1654809762173.58010,,
NY.GDP.MKTP.KD,DEU,1977,1710199854384.86010,,
NY.GDP.MKTP.KD,DEU,1978,1761651094839.98000,,
NY.GDP.MKTP.KD,DEU,1979,1834766016070.67990,,
NY.GDP.MKTP.KD,DEU,1980,1860614725103.57010,,
NY.GDP.MKTP.KD,DEU,1981,1870461852829.70000,,
NY.GDP.MKTP.KD,DEU,1982,1863076506757.72000,,
NY.GDP.MKTP.KD,DEU,1983,1892371711215.93990,,
NY.GDP.MKTP.KD,DEU,1984,1945792376994.38990,,
NY.GDP.MKTP.KD,DEU,1985,1991089163868.87990,,
NY.GDP.MKTP.KD,DEU,1986,2036632127244.51000,,
NY.GDP.MKTP.KD,DEU,1987,2065188797761.24000,,
NY.GDP.MKTP.KD,DEU,1988,2141750213307.76000,,
NY.GDP.MKTP.KD,DEU,1989,2225204617485.91020,,
NY.GDP.MKTP.KD,DEU,1990,2342139255489.10010,,
NY.GDP.MKTP.KD,DEU,1991,2461781853866.62010,,
NY.GDP.MKTP.KD,DEU,1992,2509123803633.37010,,
NY.GDP.MKTP.KD,DEU,1993,2484613432320.14990,,
NY.GDP.MKTP.KD,DEU,1994,2544042703990.73000,,
NY.GDP.MKTP.KD,DEU,1995,2583326450250.06010,,
NY.GDP.MKTP.KD,DEU,1996,2604143486148.10010,,
NY.GDP.MKTP.KD,DEU,1997,2650813925428.06010,,
NY.GDP.MKTP.KD,DEU,1998,2704199536146.72020,,
NY.GDP.MKTP.KD,DEU,1999,2755234843518.91990,,
NY.GDP.MKTP.KD,DEU,2000,2835481139992.39010,,
NY.GDP.MKTP.KD,DEU,2001,2883158861645.24020,,
NY.GDP.MKTP.KD,DEU,2002,2877450961484.29000,,
NY.GDP.MKTP.KD,DEU,2003,2857305447168.18020,,
NY.GDP.MKTP.KD,DEU,2004,2890881304361.68990,,
NY.GDP.MKTP.KD,DEU,2005,2912034089955.56010,,
NY.GDP.MKTP.KD,DEU,2006,3023170179485.12010,,
NY.GDP.MKTP.KD,DEU,2007,3113153483420.81980,,
NY.GDP.MKTP.KD,DEU,2008,3143035994104.02000,,
NY.GDP.MKTP.KD,DEU,2009,2964076668605.50980,,
NY.GDP.MKTP.KD,DEU,2010,3087971590525.68020,,
NY.GDP.MKTP.KD,DEU,2011,3209180426118.16990,,
NY.GDP.MKTP.KD,DEU,2012,3222610768995.58010,,
NY.GDP.MKTP.KD,DEU,2013,3236712633454.89990,,
NY.GDP.MKTP.KD,DEU,2014,3308229204839.04000,,
NY.GDP.MKTP.KD,DEU,2015,3357585719351.56010,,
NY.GDP.MKTP.KD,DEU,2016,3432459876455.04980,,
NY.GDP.MKTP.KD,DEU,2017,3524457734041.37990,,
NY.GDP.MKTP.KD,DEU,2018,3559040862512.64990,,
NY.GDP.MKTP.KD,DEU,2019,3597317337494.24020,,
NY.GDP.MKTP.KD,DEU,2020,3459656323000.81980,,
NY.GDP.MKTP.KD,DEU,2021,3569113619670.71000,,
NY.GDP.MKTP.KD,DEU,2022,3633579269920.31010,,
NY.GDP.MKTP.KD,DEU,2023,3622499230389.37010,,
NY.GDP.MKTP.KD.ZG,DEU,1970,5.10314,,
NY.GDP.MKTP.KD.ZG,DEU,1971,3.13270,,
NY.GDP.MKTP.KD.ZG,DEU,1972,4.30034,,
NY.GDP.MKTP.KD.ZG,DEU,1973,4.77749,,
NY.GDP.MKTP.KD.ZG,DEU,1974,0.89007,,
NY.GDP.MKTP.KD.ZG,DEU,1975,-0.86674,,
NY.GDP.MKTP.KD.ZG,DEU,1976,4.94926,,
NY.GDP.MKTP.KD.ZG,DEU,1977,3.34722,,
NY.GDP.MKTP.KD.ZG,DEU,1978,3.00849,,
NY.GDP.MKTP.KD.ZG,DEU,1979,4.15036,,
NY.GDP.MKTP.KD.ZG,DEU,1980,1.40883,,
NY.GDP.MKTP.KD.ZG,DEU,1981,0.52924,,
NY.GDP.MKTP.KD.ZG,DEU,1982,-0.39484,,
NY.GDP.MKTP.KD.ZG,DEU,1983,1.57241,,
NY.GDP.MKTP.KD.ZG,DEU,1984,2.82295,,
NY.GDP.MKTP.KD.ZG,DEU,1985,2.32794,,
NY.GDP.MKTP.KD.ZG,DEU,1986,2.28734,,
NY.GDP.MKTP.KD.ZG,DEU,1987,1.40215,,
NY.GDP.MKTP.KD.ZG,DEU,1988,3.70724,,
NY.GDP.MKTP.KD.ZG,DEU,1989,3.89655,,
NY.GDP.MKTP.KD.ZG,DEU,1990,5.25501,,
NY.GDP.MKTP.KD.ZG,DEU,1991,5.10826,,
NY.GDP.MKTP.KD.ZG,DEU,1992,1.92308,,
NY.GDP.MKTP.KD.ZG,DEU,1993,-0.97685,,
NY.GDP.MKTP.KD.ZG,DEU,1994,2.39189,,
NY.GDP.MKTP.KD.ZG,DEU,1995,1.54415,,
NY.GDP.MKTP.KD.ZG,DEU,1996,0.80582,,
NY.GDP.MKTP.KD.ZG,DEU,1997,1.79216,,
NY.GDP.MKTP.KD.ZG,DEU,1998,2.01393,,
NY.GDP.MKTP.KD.ZG,DEU,1999,1.88726,,
NY.GDP.MKTP.KD.ZG,DEU,2000,2.91250,,
NY.GDP.MKTP.KD.ZG,DEU,2001,1.68147,,
NY.GDP.MKTP.KD.ZG,DEU,2002,-0.19797,,
NY.GDP.MKTP.KD.ZG,DEU,2003,-0.70012,,
NY.GDP.MKTP.KD.ZG,DEU,2004,1.17509,,
NY.GDP.MKTP.KD.ZG,DEU,2005,0.73171,,
NY.GDP.MKTP.KD.ZG,DEU,2006,3.81644,,
NY.GDP.MKTP.KD.ZG,DEU,2007,2.97646,,
NY.GDP.MKTP.KD.ZG,DEU,2008,0.95988,,
NY.GDP.MKTP.KD.ZG,DEU,2009,-5.69384,,
NY.GDP.MKTP.KD.ZG,DEU,2010,4.17988,,
NY.GDP.MKTP.KD.ZG,DEU,2011,3.92519,,
NY.GDP.MKTP.KD.ZG,DEU,2012,0.41850,,
NY.GDP.MKTP.KD.ZG,DEU,2013,0.43759,,
NY.GDP.MKTP.KD.ZG,DEU,2014,2.20954,,
NY.GDP.MKTP.KD.ZG,DEU,2015,1.49193,,
NY.GDP.MKTP.KD.ZG,DEU,2016,2.23000,,
NY.GDP.MKTP.KD.ZG,DEU,2017,2.68023,,
NY.GDP.MKTP.KD.ZG,DEU,2018,0.98123,,
NY.GDP.MKTP.KD.ZG,DEU,2019,1.07547,,
NY.GDP.MKTP.KD.ZG,DEU,2020,-3.82677,,
NY.GDP.MKTP.KD.ZG,DEU,2021,3.16382,,
NY.GDP.MKTP.KD.ZG,DEU,2022,1.80621,,
NY.GDP.MKTP.KD.ZG,DEU,2023,-0.30493,,
NY.GDP.MKTP.KN,DEU,1970,1260719421000,,
NY.GDP.MKTP.KN,DEU,1971,1300213975000,,
NY.GDP.MKTP.KN,DEU,1972,1356127614000,,
NY.GDP.MKTP.KN,DEU,1973,1420916433000,,
NY.GDP.MKTP.KN,DEU,1974,1433563566000,,
NY.GDP.MKTP.KN,DEU,1975,1421138313000,,
NY.GDP.MKTP.KN,DEU,1976,1491474120000,,
NY.GDP.MKTP.KN,DEU,1977,1541397012000,,
NY.GDP.MKTP.KN,DEU,1978,1587769831000,,
NY.GDP.MKTP.KN,DEU,1979,1653668048000,,
NY.GDP.MKTP.KN,DEU,1980,1676965397000,,
NY.GDP.MKTP.KN,DEU,1981,1685840578000,,
NY.GDP.MKTP.KN,DEU,1982,1679184192000,,
NY.GDP.MKTP.KN,DEU,1983,1705587855000,,
NY.GDP.MKTP.KN,DEU,1984,1753735710000,,
NY.GDP.MKTP.KN,DEU,1985,1794561542000,,
NY.GDP.MKTP.KN,DEU,1986,1835609252000,,
NY.GDP.MKTP.KN,DEU,1987,1861347277000,,
NY.GDP.MKTP.KN,DEU,1988,1930351807000,,
NY.GDP.MKTP.KN,DEU,1989,2005568963000,,
NY.GDP.MKTP.KN,DEU,1990,2110961734000,,
NY.GDP.MKTP.KN,DEU,1991,2218795180000,,
NY.GDP.MKTP.KN,DEU,1992,2261464310000,,
NY.GDP.MKTP.KN,DEU,1993,2239373200000,,
NY.GDP.MKTP.KN,DEU,1994,2292936590000,,
NY.GDP.MKTP.KN,DEU,1995,2328342890000,,
NY.GDP.MKTP.KN,DEU,1996,2347105210000,,
NY.GDP.MKTP.KN,DEU,1997,2389169110000,,
NY.GDP.MKTP.KN,DEU,1998,2437285370000,,
NY.GDP.MKTP.KN,DEU,1999,2483283310000,,
NY.GDP.MKTP.KN,DEU,2000,2555609010000,,
NY.GDP.MKTP.KN,DEU,2001,2598580770000,,
NY.GDP.MKTP.KN,DEU,2002,2593436260000,,
NY.GDP.MKTP.KN,DEU,2003,2575279180000,,
NY.GDP.MKTP.KN,DEU,2004,2605540980000,,
NY.GDP.MKTP.KN,DEU,2005,2624605910000,,
NY.GDP.MKTP.KN,DEU,2006,2724772470000,,
NY.GDP.MKTP.KN,DEU,2007,2805874100000,,
NY.GDP.MKTP.KN,DEU,2008,2832807100000,,
NY.GDP.MKTP.KN,DEU,2009,2671511700000,,
NY.GDP.MKTP.KN,DEU,2010,2783177750000,,
NY.GDP.MKTP.KN,DEU,2011,2892422840000,,
NY.GDP.MKTP.KN,DEU,2012,2904527560000,,
NY.GDP.MKTP.KN,DEU,2013,2917237520000,,
NY.GDP.MKTP.KN,DEU,2014,2981695150000,,
NY.GDP.MKTP.KN,DEU,2015,3026180000000,,
NY.GDP.MKTP.KN,DEU,2016,3093663810000,,
NY.GDP.MKTP.KN,DEU,2017,3176581150000,,
NY.GDP.MKTP.KN,DEU,2018,3207750800000,,
NY.GDP.MKTP.KN,DEU,2019,3242249250000,,
NY.GDP.MKTP.KN,DEU,2020,3118175870000,,
NY.GDP.MKTP.KN,DEU,2021,3216829340000,,
NY.GDP.MKTP.KN,DEU,2022,3274932000000,,
NY.GDP.MKTP.KN,DEU,2023,3264945600000,,
NY.GDP.MKTP.PP.CD,DEU,1990,1544953367788.13990,,
NY.GDP.MKTP.PP.CD,DEU,1991,1678788071267.51000,,
NY.GDP.MKTP.PP.CD,DEU,1992,1750066062150.86010,,
NY.GDP.MKTP.PP.CD,DEU,1993,1774048428181.48000,,
NY.GDP.MKTP.PP.CD,DEU,1994,1855271483852.12990,,
NY.GDP.MKTP.PP.CD,DEU,1995,1923422874662.43990,,
NY.GDP.MKTP.PP.CD,DEU,1996,1971699749301.92990,,
NY.GDP.MKTP.PP.CD,DEU,1997,2015441975948.09010,,
NY.GDP.MKTP.PP.CD,DEU,1998,2079476419793.23000,,
NY.GDP.MKTP.PP.CD,DEU,1999,2158514818382.18990,,
NY.GDP.MKTP.PP.CD,DEU,2000,2236356580270.00980,,
NY.GDP.MKTP.PP.CD,DEU,2001,2336835923256.39010,,
NY.GDP.MKTP.PP.CD,DEU,2002,2406901890705.46000,,
NY.GDP.MKTP.PP.CD,DEU,2003,2468581417076.04000,,
NY.GDP.MKTP.PP.CD,DEU,2004,2585624852863.52980,,
NY.GDP.MKTP.PP.CD,DEU,2005,2622040720917.68020,,
NY.GDP.MKTP.PP.CD,DEU,2006,2813988060124.12010,,
NY.GDP.MKTP.PP.CD,DEU,2007,2985917074516.81980,,
NY.GDP.MKTP.PP.CD,DEU,2008,3103957698735.12990,,
NY.GDP.MKTP.PP.CD,DEU,2009,3015213344346.77980,,
NY.GDP.MKTP.PP.CD,DEU,2010,3184877915497.16020,,
NY.GDP.MKTP.PP.CD,DEU,2011,3415020684916.04980,,
NY.GDP.MKTP.PP.CD,DEU,2012,3487232707438.33980,,
NY.GDP.MKTP.PP.CD,DEU,2013,3628559701800.75980,,
NY.GDP.MKTP.PP.CD,DEU,2014,3807112936430.41990,,
NY.GDP.MKTP.PP.CD,DEU,2015,3889081660716.43990,,
NY.GDP.MKTP.PP.CD,DEU,2016,4165169650070.14010,,
NY.GDP.MKTP.PP.CD,DEU,2017,4386727409191.68020,,
NY.GDP.MKTP.PP.CD,DEU,2018,4576054323351.21970,,
NY.GDP.MKTP.PP.CD,DEU,2019,4840312367205.62010,,
NY.GDP.MKTP.PP.CD,DEU,2020,4815445166912.83010,,
NY.GDP.MKTP.PP.CD,DEU,2021,5153136084559.62010,,
NY.GDP.MKTP.PP.CD,DEU,2022,5582288432850.87010,,
NY.GDP.MKTP.PP.CD,DEU,2023,5857856201680.96000,,
NY.GDP.MKTP.PP.KD,DEU,1990,3381613363611,,
NY.GDP.MKTP.PP.KD,DEU,1991,3554355017883.83980,,
NY.GDP.MKTP.PP.KD,DEU,1992,3622707986058.31980,,
NY.GDP.MKTP.PP.KD,DEU,1993,3587319569684.02980,,
NY.GDP.MKTP.PP.KD,DEU,1994,3673124382015.27000,,
NY.GDP.MKTP.PP.KD,DEU,1995,3729842803437.87990,,
NY.GDP.MKTP.PP.KD,DEU,1996,3759898730564.58010,,
NY.GDP.MKTP.PP.KD,DEU,1997,3827282162521,,
NY.GDP.MKTP.PP.KD,DEU,1998,3904361052773.85990,,
NY.GDP.MKTP.PP.KD,DEU,1999,3978046542234.54980,,
NY.GDP.MKTP.PP.KD,DEU,2000,4093907265673.18990,,
NY.GDP.MKTP.PP.KD,DEU,2001,4162745025985.66020,,
NY.GDP.MKTP.PP.KD,DEU,2002,4154503880025.96000,,
NY.GDP.MKTP.PP.KD,DEU,2003,4125417505136.62990,,
NY.GDP.MKTP.PP.KD,DEU,2004,4173894796618.85010,,
NY.GDP.MKTP.PP.KD,DEU,2005,4204435483844.91990,,
NY.GDP.MKTP.PP.KD,DEU,2006,4364895321854.91990,,
NY.GDP.MKTP.PP.KD,DEU,2007,4494814472638.83980,,
NY.GDP.MKTP.PP.KD,DEU,2008,4537959258854.15040,,
NY.GDP.MKTP.PP.KD,DEU,2009,4279575285642.35990,,
NY.GDP.MKTP.PP.KD,DEU,2010,4458456504027.17970,,
NY.GDP.MKTP.PP.KD,DEU,2011,4633459513462.54000,,
NY.GDP.MKTP.PP.KD,DEU,2012,4652850430055.42970,,
NY.GDP.MKTP.PP.KD,DEU,2013,4673210898885.67970,,
NY.GDP.MKTP.PP.KD,DEU,2014,4776467523335.08010,,
NY.GDP.MKTP.PP.KD,DEU,2015,4847729148221.66020,,
NY.GDP.MKTP.PP.KD,DEU,2016,4955833501819.28030,,
NY.GDP.MKTP.PP.KD,DEU,2017,5088661293296,,
NY.GDP.MKTP.PP.KD,DEU,2018,5138592897114.96000,,
NY.GDP.MKTP.PP.KD,DEU,2019,5193857006200.82030,,
NY.GDP.MKTP.PP.KD,DEU,2020,4995100111123.74020,,
NY.GDP.MKTP.PP.KD,DEU,2021,5153136084559.62010,,
NY.GDP.MKTP.PP.KD,DEU,2022,5246212490613.20020,,
NY.GDP.MKTP.PP.KD,DEU,2023,5230214974812.49020,,
NY.GDP.PCAP.CD,DEU,1970,2761.16683,,
NY.GDP.PCAP.CD,DEU,1971,3192.13362,,
NY.GDP.PCAP.CD,DEU,1972,3809.98144,,
NY.GDP.PCAP.CD,DEU,1973,5046.75510,,
NY.GDP.PCAP.CD,DEU,1974,5639.07762,,
NY.GDP.PCAP.CD,DEU,1975,6236.35888,,
NY.GDP.PCAP.CD,DEU,1976,6634.85690,,
NY.GDP.PCAP.CD,DEU,1977,7682.95377,,
NY.GDP.PCAP.CD,DEU,1978,9482.04285,,
NY.GDP.PCAP.CD,DEU,1979,11281.02332,,
NY.GDP.PCAP.CD,DEU,1980,12138.30810,,
NY.GDP.PCAP.CD,DEU,1981,10209.07312,,
NY.GDP.PCAP.CD,DEU,1982,9913.73764,,
NY.GDP.PCAP.CD,DEU,1983,9864.34494,,
NY.GDP.PCAP.CD,DEU,1984,9313.16941,,
NY.GDP.PCAP.CD,DEU,1985,9429.56922,,
NY.GDP.PCAP.CD,DEU,1986,13461.83100,,
NY.GDP.PCAP.CD,DEU,1987,16677.51079,,
NY.GDP.PCAP.CD,DEU,1988,17931.28232,,
NY.GDP.PCAP.CD,DEU,1989,17764.37645,,
NY.GDP.PCAP.CD,DEU,1990,22303.96133,,
NY.GDP.PCAP.CD,DEU,1991,23357.75773,,
NY.GDP.PCAP.CD,DEU,1992,26438.23039,,
NY.GDP.PCAP.CD,DEU,1993,25522.62957,,
NY.GDP.PCAP.CD,DEU,1994,27076.60675,,
NY.GDP.PCAP.CD,DEU,1995,31658.34938,,
NY.GDP.PCAP.CD,DEU,1996,30485.86655,,
NY.GDP.PCAP.CD,DEU,1997,26964.04947,,
NY.GDP.PCAP.CD,DEU,1998,27289.05936,,
NY.GDP.PCAP.CD,DEU,1999,26734.94254,,
NY.GDP.PCAP.CD,DEU,2000,23694.76048,,
NY.GDP.PCAP.CD,DEU,2001,23628.32721,,
NY.GDP.PCAP.CD,DEU,2002,25197.26560,,
NY.GDP.PCAP.CD,DEU,2003,30310.35760,,
NY.GDP.PCAP.CD,DEU,2004,34106.65812,,
NY.GDP.PCAP.CD,DEU,2005,34520.23965,,
NY.GDP.PCAP.CD,DEU,2006,36353.88033,,
NY.GDP.PCAP.CD,DEU,2007,41640.08087,,
NY.GDP.PCAP.CD,DEU,2008,45612.71062,,
NY.GDP.PCAP.CD,DEU,2009,41650.36783,,
NY.GDP.PCAP.CD,DEU,2010,41572.45595,,
NY.GDP.PCAP.CD,DEU,2011,46705.89580,,
NY.GDP.PCAP.CD,DEU,2012,43855.85447,,
NY.GDP.PCAP.CD,DEU,2013,46298.92292,,
NY.GDP.PCAP.CD,DEU,2014,48023.86998,,
NY.GDP.PCAP.CD,DEU,2015,41103.25644,,
NY.GDP.PCAP.CD,DEU,2016,42136.12079,,
NY.GDP.PCAP.CD,DEU,2017,44652.58917,,
NY.GDP.PCAP.CD,DEU,2018,47939.27829,,
NY.GDP.PCAP.CD,DEU,2019,46805.13843,,
NY.GDP.PCAP.CD,DEU,2020,46749.47623,,
NY.GDP.PCAP.CD,DEU,2021,51426.75037,,
NY.GDP.PCAP.CD,DEU,2022,48717.99114,,
NY.GDP.PCAP.CD,DEU,2023,52745.75571,,
NY.GDP.PCAP.CN,DEU,1970,5166.97149,,
NY.GDP.PCAP.CN,DEU,1971,5724.45321,,
NY.GDP.PCAP.CN,DEU,1972,6211.41275,,
NY.GDP.PCAP.CN,DEU,1973,6896.39085,,
NY.GDP.PCAP.CN,DEU,1974,7461.06360,,
NY.GDP.PCAP.CN,DEU,1975,7844.71584,,
NY.GDP.PCAP.CN,DEU,1976,8541.71477,,
NY.GDP.PCAP.CN,DEU,1977,9121.97102,,
NY.GDP.PCAP.CN,DEU,1978,9738.05801,,
NY.GDP.PCAP.CN,DEU,1979,10571.44696,,
NY.GDP.PCAP.CN,DEU,1980,11281.34355,,
NY.GDP.PCAP.CN,DEU,1981,11796.58398,,
NY.GDP.PCAP.CN,DEU,1982,12299.97429,,
NY.GDP.PCAP.CN,DEU,1983,12877.90232,,
NY.GDP.PCAP.CN,DEU,1984,13551.59281,,
NY.GDP.PCAP.CN,DEU,1985,14193.38759,,
NY.GDP.PCAP.CN,DEU,1986,14946.67096,,
NY.GDP.PCAP.CN,DEU,1987,15326.63241,,
NY.GDP.PCAP.CN,DEU,1988,16100.49840,,
NY.GDP.PCAP.CN,DEU,1989,17076.89508,,
NY.GDP.PCAP.CN,DEU,1990,18425.30245,,
NY.GDP.PCAP.CN,DEU,1991,19819.05743,,
NY.GDP.PCAP.CN,DEU,1992,21110.92697,,
NY.GDP.PCAP.CN,DEU,1993,21574.27878,,
NY.GDP.PCAP.CN,DEU,1994,22465.46062,,
NY.GDP.PCAP.CN,DEU,1995,23196.07259,,
NY.GDP.PCAP.CN,DEU,1996,23455.82572,,
NY.GDP.PCAP.CN,DEU,1997,23906.32626,,
NY.GDP.PCAP.CN,DEU,1998,24551.96671,,
NY.GDP.PCAP.CN,DEU,1999,25084.94402,,
NY.GDP.PCAP.CN,DEU,2000,25654.43758,,
NY.GDP.PCAP.CN,DEU,2001,26381.80909,,
NY.GDP.PCAP.CN,DEU,2002,26647.59492,,
NY.GDP.PCAP.CN,DEU,2003,26795.80881,,
NY.GDP.PCAP.CN,DEU,2004,27419.08080,,
NY.GDP.PCAP.CN,DEU,2005,27747.37526,,
NY.GDP.PCAP.CN,DEU,2006,28953.42020,,
NY.GDP.PCAP.CN,DEU,2007,30383.61774,,
NY.GDP.PCAP.CN,DEU,2008,31013.11645,,
NY.GDP.PCAP.CN,DEU,2009,29861.55201,,
NY.GDP.PCAP.CN,DEU,2010,31358.47726,,
NY.GDP.PCAP.CN,DEU,2011,33554.16469,,
NY.GDP.PCAP.CN,DEU,2012,34134.68333,,
NY.GDP.PCAP.CN,DEU,2013,34860.54820,,
NY.GDP.PCAP.CN,DEU,2014,36148.92106,,
NY.GDP.PCAP.CN,DEU,2015,37046.21801,,
NY.GDP.PCAP.CN,DEU,2016,38066.67476,,
NY.GDP.PCAP.CN,DEU,2017,39526.71789,,
NY.GDP.PCAP.CN,DEU,2018,40593.67054,,
NY.GDP.PCAP.CN,DEU,2019,41809.91887,,
NY.GDP.PCAP.CN,DEU,2020,40929.46549,,
NY.GDP.PCAP.CN,DEU,2021,43481.01602,,
NY.GDP.PCAP.CN,DEU,2022,46263.76159,,
NY.GDP.PCAP.CN,DEU,2023,48781.36142,,
NY.GDP.PCAP.PP.CD,DEU,1990,19449.76022,,
NY.GDP.PCAP.PP.CD,DEU,1991,20981.20646,,
NY.GDP.PCAP.PP.CD,DEU,1992,21706.35396,,
NY.GDP.PCAP.PP.CD,DEU,1993,21859.63445,,
NY.GDP.PCAP.PP.CD,DEU,1994,22781.30057,,
NY.GDP.PCAP.PP.CD,DEU,1995,23548.83413,,
NY.GDP.PCAP.PP.CD,DEU,1996,24070.11924,,
NY.GDP.PCAP.PP.CD,DEU,1997,24568.14289,,
NY.GDP.PCAP.PP.CD,DEU,1998,25344.88132,,
NY.GDP.PCAP.PP.CD,DEU,1999,26291.21108,,
NY.GDP.PCAP.PP.CD,DEU,2000,27202.47608,,
NY.GDP.PCAP.PP.CD,DEU,2001,28376.90409,,
NY.GDP.PCAP.PP.CD,DEU,2002,29178.63747,,
NY.GDP.PCAP.PP.CD,DEU,2003,29909.80872,,
NY.GDP.PCAP.PP.CD,DEU,2004,31334.73152,,
NY.GDP.PCAP.PP.CD,DEU,2005,31794.09601,,
NY.GDP.PCAP.PP.CD,DEU,2006,34160.10311,,
NY.GDP.PCAP.PP.CD,DEU,2007,36295.71843,,
NY.GDP.PCAP.PP.CD,DEU,2008,37802.38743,,
NY.GDP.PCAP.PP.CD,DEU,2009,36814.75473,,
NY.GDP.PCAP.PP.CD,DEU,2010,38945.92173,,
NY.GDP.PCAP.PP.CD,DEU,2011,42541.53109,,
NY.GDP.PCAP.PP.CD,DEU,2012,43359.61483,,
NY.GDP.PCAP.PP.CD,DEU,2013,44993.89275,,
NY.GDP.PCAP.PP.CD,DEU,2014,47011.55109,,
NY.GDP.PCAP.PP.CD,DEU,2015,47609.78100,,
NY.GDP.PCAP.PP.CD,DEU,2016,50579.68393,,
NY.GDP.PCAP.PP.CD,DEU,2017,53071.45557,,
NY.GDP.PCAP.PP.CD,DEU,2018,55195.84054,,
NY.GDP.PCAP.PP.CD,DEU,2019,58251.77308,,
NY.GDP.PCAP.PP.CD,DEU,2020,57905.17955,,
NY.GDP.PCAP.PP.CD,DEU,2021,61939.65159,,
NY.GDP.PCAP.PP.CD,DEU,2022,66616.02225,,
NY.GDP.PCAP.PP.CD,DEU,2023,69338.29323,,
NY.GDP.PCAP.PP.KD,DEU,1990,42571.87981,,
NY.GDP.PCAP.PP.KD,DEU,1991,44421.72167,,
NY.GDP.PCAP.PP.KD,DEU,1992,44933.03627,,
NY.GDP.PCAP.PP.KD,DEU,1993,44202.56696,,
NY.GDP.PCAP.PP.KD,DEU,1994,45103.12982,,
NY.GDP.PCAP.PP.KD,DEU,1995,45665.17881,,
NY.GDP.PCAP.PP.KD,DEU,1996,45900.09751,,
NY.GDP.PCAP.PP.KD,DEU,1997,46654.38955,,
NY.GDP.PCAP.PP.KD,DEU,1998,47586.77067,,
NY.GDP.PCAP.PP.KD,DEU,1999,48453.52945,,
NY.GDP.PCAP.PP.KD,DEU,2000,49797.25303,,
NY.GDP.PCAP.PP.KD,DEU,2001,50549.46955,,
NY.GDP.PCAP.PP.KD,DEU,2002,50364.64637,,
NY.GDP.PCAP.PP.KD,DEU,2003,49984.35442,,
NY.GDP.PCAP.PP.KD,DEU,2004,50582.69481,,
NY.GDP.PCAP.PP.KD,DEU,2005,50981.75035,,
NY.GDP.PCAP.PP.KD,DEU,2006,52987.17375,,
NY.GDP.PCAP.PP.KD,DEU,2007,54637.32462,,
NY.GDP.PCAP.PP.KD,DEU,2008,55266.76285,,
NY.GDP.PCAP.PP.KD,DEU,2009,52252.19463,,
NY.GDP.PCAP.PP.KD,DEU,2010,54519.73440,,
NY.GDP.PCAP.PP.KD,DEU,2011,57719.84422,,
NY.GDP.PCAP.PP.KD,DEU,2012,57852.69279,,
NY.GDP.PCAP.PP.KD,DEU,2013,57947.49632,,
NY.GDP.PCAP.PP.KD,DEU,2014,58981.47777,,
NY.GDP.PCAP.PP.KD,DEU,2015,59345.45562,,
NY.GDP.PCAP.PP.KD,DEU,2016,60181.10022,,
NY.GDP.PCAP.PP.KD,DEU,2017,61563.58409,,
NY.GDP.PCAP.PP.KD,DEU,2018,61981.11607,,
NY.GDP.PCAP.PP.KD,DEU,2019,62506.58156,,
NY.GDP.PCAP.PP.KD,DEU,2020,60065.50979,,
NY.GDP.PCAP.PP.KD,DEU,2021,61939.65159,,
NY.GDP.PCAP.PP.KD,DEU,2022,62605.47304,,
NY.GDP.PCAP.PP.KD,DEU,2023,61909.02731,,
NY.GNP.MKTP.CN,DEU,1970,405955008000,,
NY.GNP.MKTP.CN,DEU,1971,449958537000,,
NY.GNP.MKTP.CN,DEU,1972,490122983000,,
NY.GNP.MKTP.CN,DEU,1973,545812143000,,
NY.GNP.MKTP.CN,DEU,1974,590736154000,,
NY.GNP.MKTP.CN,DEU,1975,619663985000,,
NY.GNP.MKTP.CN,DEU,1976,672389642000,,
NY.GNP.MKTP.CN,DEU,1977,715304308000,,
NY.GNP.MKTP.CN,DEU,1978,765683859000,,
NY.GNP.MKTP.CN,DEU,1979,829118539000,,
NY.GNP.MKTP.CN,DEU,1980,886783368000,,
NY.GNP.MKTP.CN,DEU,1981,927104969000,,
NY.GNP.MKTP.CN,DEU,1982,964889632000,,
NY.GNP.MKTP.CN,DEU,1983,1010734125000,,
NY.GNP.MKTP.CN,DEU,1984,1064088404000,,
NY.GNP.MKTP.CN,DEU,1985,1112076947000,,
NY.GNP.MKTP.CN,DEU,1986,1168776392000,,
NY.GNP.MKTP.CN,DEU,1987,1198591029000,,
NY.GNP.MKTP.CN,DEU,1988,1270332497000,,
NY.GNP.MKTP.CN,DEU,1989,1359518221000,,
NY.GNP.MKTP.CN,DEU,1990,1479439064000,,
NY.GNP.MKTP.CN,DEU,1991,1591639954000,,
NY.GNP.MKTP.CN,DEU,1992,1707148554000,,
NY.GNP.MKTP.CN,DEU,1993,1753917767000,,
NY.GNP.MKTP.CN,DEU,1994,1829089211000,,
NY.GNP.MKTP.CN,DEU,1995,1892016000000,,
NY.GNP.MKTP.CN,DEU,1996,1921656000000,,
NY.GNP.MKTP.CN,DEU,1997,1957405000000,,
NY.GNP.MKTP.CN,DEU,1998,2002895000000,,
NY.GNP.MKTP.CN,DEU,1999,2045234000000,,
NY.GNP.MKTP.CN,DEU,2000,2097226000000,,
NY.GNP.MKTP.CN,DEU,2001,2157280000000,,
NY.GNP.MKTP.CN,DEU,2002,2174801000000,,
NY.GNP.MKTP.CN,DEU,2003,2189106000000,,
NY.GNP.MKTP.CN,DEU,2004,2276187000000,,
NY.GNP.MKTP.CN,DEU,2005,2307203000000,,
NY.GNP.MKTP.CN,DEU,2006,2425419000000,,
NY.GNP.MKTP.CN,DEU,2007,2535845000000,,
NY.GNP.MKTP.CN,DEU,2008,2570665000000,,
NY.GNP.MKTP.CN,DEU,2009,2500874000000,,
NY.GNP.MKTP.CN,DEU,2010,2615840000000,,
NY.GNP.MKTP.CN,DEU,2011,2762535000000,,
NY.GNP.MKTP.CN,DEU,2012,2811180000000,,
NY.GNP.MKTP.CN,DEU,2013,2876449000000,,
NY.GNP.MKTP.CN,DEU,2014,2986082000000,,
NY.GNP.MKTP.CN,DEU,2015,3095143000000,,
NY.GNP.MKTP.CN,DEU,2016,3212504000000,,
NY.GNP.MKTP.CN,DEU,2017,3345005000000,,
NY.GNP.MKTP.CN,DEU,2018,3478910000000,,
NY.GNP.MKTP.CN,DEU,2019,3604127000000,,
NY.GNP.MKTP.CN,DEU,2020,3500918000000,,
NY.GNP.MKTP.CN,DEU,2021,3756795000000,,
NY.GNP.MKTP.CN,DEU,2022,4027600000000,,
NY.GNP.MKTP.CN,DEU,2023,4286159000000,,
NY.GNP.PCAP.CD,DEU,1970,2590,,
NY.GNP.PCAP.CD,DEU,1971,2980,,
NY.GNP.PCAP.CD,DEU,1972,3600,,
NY.GNP.PCAP.CD,DEU,1973,4670,,
NY.GNP.PCAP.CD,DEU,1974,5800,,
NY.GNP.PCAP.CD,DEU,1975,6720,,
NY.GNP.PCAP.CD,DEU,1976,7130,,
NY.GNP.PCAP.CD,DEU,1977,7670,,
NY.GNP.PCAP.CD,DEU,1978,8870,,
NY.GNP.PCAP.CD,DEU,1979,11050,,
NY.GNP.PCAP.CD,DEU,1980,13010,,
NY.GNP.PCAP.CD,DEU,1981,12540,,
NY.GNP.PCAP.CD,DEU,1982,11120,,
NY.GNP.PCAP.CD,DEU,1983,10020,,
NY.GNP.PCAP.CD,DEU,1984,9880,,
NY.GNP.PCAP.CD,DEU,1985,9840,,
NY.GNP.PCAP.CD,DEU,1986,11240,,
NY.GNP.PCAP.CD,DEU,1987,14240,,
NY.GNP.PCAP.CD,DEU,1988,18620,,
NY.GNP.PCAP.CD,DEU,1989,19760,,
NY.GNP.PCAP.CD,DEU,1990,21300,,
NY.GNP.PCAP.CD,DEU,1991,22890,,
NY.GNP.PCAP.CD,DEU,1992,25810,,
NY.GNP.PCAP.CD,DEU,1993,25990,,
NY.GNP.PCAP.CD,DEU,1994,27530,,
NY.GNP.PCAP.CD,DEU,1995,29520,,
NY.GNP.PCAP.CD,DEU,1996,30860,,
NY.GNP.PCAP.CD,DEU,1997,30140,,
NY.GNP.PCAP.CD,DEU,1998,27950,,
NY.GNP.PCAP.CD,DEU,1999,26840,,
NY.GNP.PCAP.CD,DEU,2000,26180,,
NY.GNP.PCAP.CD,DEU,2001,24770,,
NY.GNP.PCAP.CD,DEU,2002,23680,,
NY.GNP.PCAP.CD,DEU,2003,26140,,
NY.GNP.PCAP.CD,DEU,2004,31670,,
NY.GNP.PCAP.CD,DEU,2005,35770,,
NY.GNP.PCAP.CD,DEU,2006,38270,,
NY.GNP.PCAP.CD,DEU,2007,40470,,
NY.GNP.PCAP.CD,DEU,2008,43650,,
NY.GNP.PCAP.CD,DEU,2009,43660,,
NY.GNP.PCAP.CD,DEU,2010,44680,,
NY.GNP.PCAP.CD,DEU,2011,47320,,
NY.GNP.PCAP.CD,DEU,2012,46560,,
NY.GNP.PCAP.CD,DEU,2013,47220,,
NY.GNP.PCAP.CD,DEU,2014,47640,,
NY.GNP.PCAP.CD,DEU,2015,45780,,
NY.GNP.PCAP.CD,DEU,2016,44280,,
NY.GNP.PCAP.CD,DEU,2017,43760,,
NY.GNP.PCAP.CD,DEU,2018,47490,,
NY.GNP.PCAP.CD,DEU,2019,49410,,
NY.GNP.PCAP.CD,DEU,2020,47970,,
NY.GNP.PCAP.CD,DEU,2021,52050,,
NY.GNP.PCAP.CD,DEU,2022,54030,,
NY.GNP.PCAP.CD,DEU,2023,53970,,
NY.GNP.PCAP.CN,DEU,1970,5193.28004,,
NY.GNP.PCAP.CN,DEU,1971,5745.65455,,
NY.GNP.PCAP.CN,DEU,1972,6228.65199,,
NY.GNP.PCAP.CN,DEU,1973,6914.55784,,
NY.GNP.PCAP.CN,DEU,1974,7480.75671,,
NY.GNP.PCAP.CN,DEU,1975,7876.39497,,
NY.GNP.PCAP.CN,DEU,1976,8583.30126,,
NY.GNP.PCAP.CN,DEU,1977,9151.81692,,
NY.GNP.PCAP.CN,DEU,1978,9804.91758,,
NY.GNP.PCAP.CN,DEU,1979,10612.53391,,
NY.GNP.PCAP.CN,DEU,1980,11327.11071,,
NY.GNP.PCAP.CN,DEU,1981,11824.12596,,
NY.GNP.PCAP.CN,DEU,1982,12317.73485,,
NY.GNP.PCAP.CN,DEU,1983,12936.85333,,
NY.GNP.PCAP.CN,DEU,1984,13666.91980,,
NY.GNP.PCAP.CN,DEU,1985,14315.23158,,
NY.GNP.PCAP.CN,DEU,1986,15038.21198,,
NY.GNP.PCAP.CN,DEU,1987,15398.15340,,
NY.GNP.PCAP.CN,DEU,1988,16256.17366,,
NY.GNP.PCAP.CN,DEU,1989,17263.44218,,
NY.GNP.PCAP.CN,DEU,1990,18624.98614,,
NY.GNP.PCAP.CN,DEU,1991,19892.04418,,
NY.GNP.PCAP.CN,DEU,1992,21174.04113,,
NY.GNP.PCAP.CN,DEU,1993,21611.58660,,
NY.GNP.PCAP.CN,DEU,1994,22459.80249,,
NY.GNP.PCAP.CN,DEU,1995,23164.31375,,
NY.GNP.PCAP.CN,DEU,1996,23459.19508,,
NY.GNP.PCAP.CN,DEU,1997,23860.67488,,
NY.GNP.PCAP.CN,DEU,1998,24411.49877,,
NY.GNP.PCAP.CN,DEU,1999,24911.42444,,
NY.GNP.PCAP.CN,DEU,2000,25510.12688,,
NY.GNP.PCAP.CN,DEU,2001,26196.50230,,
NY.GNP.PCAP.CN,DEU,2002,26364.90095,,
NY.GNP.PCAP.CN,DEU,2003,26523.63065,,
NY.GNP.PCAP.CN,DEU,2004,27584.70876,,
NY.GNP.PCAP.CN,DEU,2005,27976.46623,,
NY.GNP.PCAP.CN,DEU,2006,29443.11111,,
NY.GNP.PCAP.CN,DEU,2007,30824.80652,,
NY.GNP.PCAP.CN,DEU,2008,31307.53822,,
NY.GNP.PCAP.CN,DEU,2009,30534.84196,,
NY.GNP.PCAP.CN,DEU,2010,31987.50552,,
NY.GNP.PCAP.CN,DEU,2011,34413.39875,,
NY.GNP.PCAP.CN,DEU,2012,34953.69889,,
NY.GNP.PCAP.CN,DEU,2013,35667.77136,,
NY.GNP.PCAP.CN,DEU,2014,36873.17630,,
NY.GNP.PCAP.CN,DEU,2015,37890.45674,,
NY.GNP.PCAP.CN,DEU,2016,39011.00089,,
NY.GNP.PCAP.CN,DEU,2017,40468.50139,,
NY.GNP.PCAP.CN,DEU,2018,41962.21200,,
NY.GNP.PCAP.CN,DEU,2019,43374.63623,,
NY.GNP.PCAP.CN,DEU,2020,42098.14012,,
NY.GNP.PCAP.CN,DEU,2021,45155.91468,,
NY.GNP.PCAP.CN,DEU,2022,48063.20820,,
NY.GNP.PCAP.CN,DEU,2023,50734.42217,,
NY.GNP.PCAP.PP.CD,DEU,1990,19660,,
NY.GNP.PCAP.PP.CD,DEU,1991,21060,,
NY.GNP.PCAP.PP.CD,DEU,1992,21770,,
NY.GNP.PCAP.PP.CD,DEU,1993,21900,,
NY.GNP.PCAP.PP.CD,DEU,1994,22780,,
NY.GNP.PCAP.PP.CD,DEU,1995,23520,,
NY.GNP.PCAP.PP.CD,DEU,1996,24070,,
NY.GNP.PCAP.PP.CD,DEU,1997,24520,,
NY.GNP.PCAP.PP.CD,DEU,1998,25200,,
NY.GNP.PCAP.PP.CD,DEU,1999,26110,,
NY.GNP.PCAP.PP.CD,DEU,2000,27050,,
NY.GNP.PCAP.PP.CD,DEU,2001,28180,,
NY.GNP.PCAP.PP.CD,DEU,2002,28870,,
NY.GNP.PCAP.PP.CD,DEU,2003,29610,,
NY.GNP.PCAP.PP.CD,DEU,2004,31520,,
NY.GNP.PCAP.PP.CD,DEU,2005,32060,,
NY.GNP.PCAP.PP.CD,DEU,2006,34740,,
NY.GNP.PCAP.PP.CD,DEU,2007,36820,,
NY.GNP.PCAP.PP.CD,DEU,2008,38160,,
NY.GNP.PCAP.PP.CD,DEU,2009,37640,,
NY.GNP.PCAP.PP.CD,DEU,2010,39730,,
NY.GNP.PCAP.PP.CD,DEU,2011,43630,,
NY.GNP.PCAP.PP.CD,DEU,2012,44400,,
NY.GNP.PCAP.PP.CD,DEU,2013,46040,,
NY.GNP.PCAP.PP.CD,DEU,2014,47950,,
NY.GNP.PCAP.PP.CD,DEU,2015,48690,,
NY.GNP.PCAP.PP.CD,DEU,2016,51830,,
NY.GNP.PCAP.PP.CD,DEU,2017,54340,,
NY.GNP.PCAP.PP.CD,DEU,2018,57060,,
NY.GNP.PCAP.PP.CD,DEU,2019,60430,,
NY.GNP.PCAP.PP.CD,DEU,2020,59560,,
NY.GNP.PCAP.PP.CD,DEU,2021,64330,,
NY.GNP.PCAP.PP.CD,DEU,2022,69210,,
NY.GNP.PCAP.PP.CD,DEU,2023,72110,,
PA.NUS.ATLS,DEU,1970,1.87130,,
PA.NUS.ATLS,DEU,1971,1.79330,,
PA.NUS.ATLS,DEU,1972,1.63030,,
PA.NUS.ATLS,DEU,1973,1.36650,,
PA.NUS.ATLS,DEU,1974,1.32310,,
PA.NUS.ATLS,DEU,1975,1.25790,,
PA.NUS.ATLS,DEU,1976,1.28740,,
PA.NUS.ATLS,DEU,1977,1.18730,,
PA.NUS.ATLS,DEU,1978,1.02700,,
PA.NUS.ATLS,DEU,1979,0.93710,,
PA.NUS.ATLS,DEU,1980,0.92940,,
PA.NUS.ATLS,DEU,1981,1.15550,,
PA.NUS.ATLS,DEU,1982,1.24070,,
PA.NUS.ATLS,DEU,1983,1.30550,,
PA.NUS.ATLS,DEU,1984,1.45510,,
PA.NUS.ATLS,DEU,1985,1.50520,,
PA.NUS.ATLS,DEU,1986,1.11030,,
PA.NUS.ATLS,DEU,1987,0.91900,,
PA.NUS.ATLS,DEU,1988,0.89790,,
PA.NUS.ATLS,DEU,1989,0.96130,,
PA.NUS.ATLS,DEU,1990,0.82610,,
PA.NUS.ATLS,DEU,1991,0.84850,,
PA.NUS.ATLS,DEU,1992,0.79850,,
PA.NUS.ATLS,DEU,1993,0.84530,,
PA.NUS.ATLS,DEU,1994,0.82970,,
PA.NUS.ATLS,DEU,1995,0.73270,,
PA.NUS.ATLS,DEU,1996,0.76940,,
PA.NUS.ATLS,DEU,1997,0.88660,,
PA.NUS.ATLS,DEU,1998,0.89970,,
PA.NUS.ATLS,DEU,1999,0.93828,,
PA.NUS.ATLS,DEU,2000,1.08271,,
PA.NUS.ATLS,DEU,2001,1.11653,,
PA.NUS.ATLS,DEU,2002,1.05756,,
PA.NUS.ATLS,DEU,2003,0.88405,,
PA.NUS.ATLS,DEU,2004,0.80392,,
PA.NUS.ATLS,DEU,2005,0.80380,,
PA.NUS.ATLS,DEU,2006,0.79643,,
PA.NUS.ATLS,DEU,2007,0.72967,,
PA.NUS.ATLS,DEU,2008,0.67992,,
PA.NUS.ATLS,DEU,2009,0.71696,,
PA.NUS.ATLS,DEU,2010,0.75431,,
PA.NUS.ATLS,DEU,2011,0.71841,,
PA.NUS.ATLS,DEU,2012,0.77834,,
PA.NUS.ATLS,DEU,2013,0.75295,,
PA.NUS.ATLS,DEU,2014,0.75273,,
PA.NUS.ATLS,DEU,2015,0.90130,,
PA.NUS.ATLS,DEU,2016,0.90342,,
PA.NUS.ATLS,DEU,2017,0.88521,,
PA.NUS.ATLS,DEU,2018,0.84677,,
PA.NUS.ATLS,DEU,2019,0.89328,,
PA.NUS.ATLS,DEU,2020,0.87551,,
PA.NUS.ATLS,DEU,2021,0.84549,,
PA.NUS.ATLS,DEU,2022,0.94962,,
PA.NUS.ATLS,DEU,2023,0.92484,,
PA.NUS.FCRF,DEU,1970,3.66000,,
PA.NUS.FCRF,DEU,1971,3.50739,,
PA.NUS.FCRF,DEU,1972,3.18864,,
PA.NUS.FCRF,DEU,1973,2.67260,,
PA.NUS.FCRF,DEU,1974,2.58775,,
PA.NUS.FCRF,DEU,1975,2.46029,,
PA.NUS.FCRF,DEU,1976,2.51800,,
PA.NUS.FCRF,DEU,1977,2.32218,,
PA.NUS.FCRF,DEU,1978,2.00862,,
PA.NUS.FCRF,DEU,1979,1.83288,,
PA.NUS.FCRF,DEU,1980,1.81767,,
PA.NUS.FCRF,DEU,1981,2.26000,,
PA.NUS.FCRF,DEU,1982,2.42659,,
PA.NUS.FCRF,DEU,1983,2.55326,,
PA.NUS.FCRF,DEU,1984,2.84594,,
PA.NUS.FCRF,DEU,1985,2.94397,,
PA.NUS.FCRF,DEU,1986,2.17148,,
PA.NUS.FCRF,DEU,1987,1.79739,,
PA.NUS.FCRF,DEU,1988,1.75622,,
PA.NUS.FCRF,DEU,1989,1.88004,,
PA.NUS.FCRF,DEU,1990,1.61573,,
PA.NUS.FCRF,DEU,1991,1.65954,,
PA.NUS.FCRF,DEU,1992,1.56165,,
PA.NUS.FCRF,DEU,1993,1.65332,,
PA.NUS.FCRF,DEU,1994,1.62279,,
PA.NUS.FCRF,DEU,1995,1.43313,,
PA.NUS.FCRF,DEU,1996,1.50477,,
PA.NUS.FCRF,DEU,1997,1.73406,,
PA.NUS.FCRF,DEU,1998,1.75967,,
PA.NUS.FCRF,DEU,1999,0.93828,,
PA.NUS.FCRF,DEU,2000,1.08271,,
PA.NUS.FCRF,DEU,2001,1.11653,,
PA.NUS.FCRF,DEU,2002,1.05756,,
PA.NUS.FCRF,DEU,2003,0.88405,,
PA.NUS.FCRF,DEU,2004,0.80392,,
PA.NUS.FCRF,DEU,2005,0.80380,,
PA.NUS.FCRF,DEU,2006,0.79643,,
PA.NUS.FCRF,DEU,2007,0.72967,,
PA.NUS.FCRF,DEU,2008,0.67992,,
PA.NUS.FCRF,DEU,2009,0.71696,,
PA.NUS.FCRF,DEU,2010,0.75431,,
PA.NUS.FCRF,DEU,2011,0.71841,,
PA.NUS.FCRF,DEU,2012,0.77834,,
PA.NUS.FCRF,DEU,2013,0.75295,,
PA.NUS.FCRF,DEU,2014,0.75273,,
PA.NUS.FCRF,DEU,2015,0.90130,,
PA.NUS.FCRF,DEU,2016,0.90342,,
PA.NUS.FCRF,DEU,2017,0.88521,,
PA.NUS.FCRF,DEU,2018,0.84677,,
PA.NUS.FCRF,DEU,2019,0.89328,,
PA.NUS.FCRF,DEU,2020,0.87551,,
PA.NUS.FCRF,DEU,2021,0.84549,,
PA.NUS.FCRF,DEU,2022,0.94962,,
PA.NUS.FCRF,DEU,2023,0.92484,,
PA.NUS.PPP,DEU,1990,0.94733,,
PA.NUS.PPP,DEU,1991,0.94461,,
PA.NUS.PPP,DEU,1992,0.97257,,
PA.NUS.PPP,DEU,1993,0.98695,,
PA.NUS.PPP,DEU,1994,0.98614,,
PA.NUS.PPP,DEU,1995,0.98502,,
PA.NUS.PPP,DEU,1996,0.97448,,
PA.NUS.PPP,DEU,1997,0.97306,,
PA.NUS.PPP,DEU,1998,0.96871,,
PA.NUS.PPP,DEU,1999,0.95412,,
PA.NUS.PPP,DEU,2000,0.94309,,
PA.NUS.PPP,DEU,2001,0.92969,,
PA.NUS.PPP,DEU,2002,0.91326,,
PA.NUS.PPP,DEU,2003,0.89589,,
PA.NUS.PPP,DEU,2004,0.87504,,
PA.NUS.PPP,DEU,2005,0.87272,,
PA.NUS.PPP,DEU,2006,0.84758,,
PA.NUS.PPP,DEU,2007,0.83711,,
PA.NUS.PPP,DEU,2008,0.82040,,
PA.NUS.PPP,DEU,2009,0.81113,,
PA.NUS.PPP,DEU,2010,0.80518,,
PA.NUS.PPP,DEU,2011,0.78874,,
PA.NUS.PPP,DEU,2012,0.78725,,
PA.NUS.PPP,DEU,2013,0.77478,,
PA.NUS.PPP,DEU,2014,0.76894,,
PA.NUS.PPP,DEU,2015,0.77812,,
PA.NUS.PPP,DEU,2016,0.75261,,
PA.NUS.PPP,DEU,2017,0.74478,,
PA.NUS.PPP,DEU,2018,0.73545,,
PA.NUS.PPP,DEU,2019,0.71774,,
PA.NUS.PPP,DEU,2020,0.70684,,
PA.NUS.PPP,DEU,2021,0.70199,,
PA.NUS.PPP,DEU,2022,0.69448,,
PA.NUS.PPP,DEU,2023,0.70353,,
PA.NUS.PPPC.RF,DEU,1990,1.14675,,
PA.NUS.PPPC.RF,DEU,1991,1.11327,,
PA.NUS.PPPC.RF,DEU,1992,1.21799,,
PA.NUS.PPPC.RF,DEU,1993,1.16757,,
PA.NUS.PPPC.RF,DEU,1994,1.18855,,
PA.NUS.PPPC.RF,DEU,1995,1.34437,,
PA.NUS.PPPC.RF,DEU,1996,1.26654,,
PA.NUS.PPPC.RF,DEU,1997,1.09752,,
PA.NUS.PPPC.RF,DEU,1998,1.07671,,
PA.NUS.PPPC.RF,DEU,1999,1.01688,,
PA.NUS.PPPC.RF,DEU,2000,0.87105,,
PA.NUS.PPPC.RF,DEU,2001,0.83266,,
PA.NUS.PPPC.RF,DEU,2002,0.86355,,
PA.NUS.PPPC.RF,DEU,2003,1.01339,,
PA.NUS.PPPC.RF,DEU,2004,1.08846,,
PA.NUS.PPPC.RF,DEU,2005,1.08574,,
PA.NUS.PPPC.RF,DEU,2006,1.06422,,
PA.NUS.PPPC.RF,DEU,2007,1.14724,,
PA.NUS.PPPC.RF,DEU,2008,1.20661,,
PA.NUS.PPPC.RF,DEU,2009,1.13135,,
PA.NUS.PPPC.RF,DEU,2010,1.06744,,
PA.NUS.PPPC.RF,DEU,2011,1.09789,,
PA.NUS.PPPC.RF,DEU,2012,1.01144,,
PA.NUS.PPPC.RF,DEU,2013,1.02900,,
PA.NUS.PPPC.RF,DEU,2014,1.02153,,
PA.NUS.PPPC.RF,DEU,2015,0.86334,,
PA.NUS.PPPC.RF,DEU,2016,0.83306,,
PA.NUS.PPPC.RF,DEU,2017,0.84137,,
PA.NUS.PPPC.RF,DEU,2018,0.86853,,
PA.NUS.PPPC.RF,DEU,2019,0.80350,,
PA.NUS.PPPC.RF,DEU,2020,0.80735,,
PA.NUS.PPPC.RF,DEU,2021,0.83027,,
PA.NUS.PPPC.RF,DEU,2022,0.73133,,
PA.NUS.PPPC.RF,DEU,2023,0.76070,,
PA.NUS.PRVT.PP,DEU,1990,0.95501,,
PA.NUS.PRVT.PP,DEU,1991,0.95419,,
PA.NUS.PRVT.PP,DEU,1992,0.96885,,
PA.NUS.PRVT.PP,DEU,1993,0.98279,,
PA.NUS.PRVT.PP,DEU,1994,0.98379,,
PA.NUS.PRVT.PP,DEU,1995,0.97644,,
PA.NUS.PRVT.PP,DEU,1996,0.96561,,
PA.NUS.PRVT.PP,DEU,1997,0.96391,,
PA.NUS.PRVT.PP,DEU,1998,0.96238,,
PA.NUS.PRVT.PP,DEU,1999,0.94668,,
PA.NUS.PRVT.PP,DEU,2000,0.94225,,
PA.NUS.PRVT.PP,DEU,2001,0.93552,,
PA.NUS.PRVT.PP,DEU,2002,0.93115,,
PA.NUS.PRVT.PP,DEU,2003,0.92824,,
PA.NUS.PRVT.PP,DEU,2004,0.90890,,
PA.NUS.PRVT.PP,DEU,2005,0.90797,,
PA.NUS.PRVT.PP,DEU,2006,0.89788,,
PA.NUS.PRVT.PP,DEU,2007,0.89041,,
PA.NUS.PRVT.PP,DEU,2008,0.87643,,
PA.NUS.PRVT.PP,DEU,2009,0.86503,,
PA.NUS.PRVT.PP,DEU,2010,0.85232,,
PA.NUS.PRVT.PP,DEU,2011,0.83060,,
PA.NUS.PRVT.PP,DEU,2012,0.83093,,
PA.NUS.PRVT.PP,DEU,2013,0.82688,,
PA.NUS.PRVT.PP,DEU,2014,0.81960,,
PA.NUS.PRVT.PP,DEU,2015,0.83291,,
PA.NUS.PRVT.PP,DEU,2016,0.80699,,
PA.NUS.PRVT.PP,DEU,2017,0.79918,,
PA.NUS.PRVT.PP,DEU,2018,0.78064,,
PA.NUS.PRVT.PP,DEU,2019,0.76190,,
PA.NUS.PRVT.PP,DEU,2020,0.75032,,
PA.NUS.PRVT.PP,DEU,2021,0.74145,,
PA.NUS.PRVT.PP,DEU,2022,0.72694,,
PA.NUS.PRVT.PP,DEU,2023,0.73496,,
SH.DYN.AIDS.ZS,DEU,2010,0.10000,,
SH.DYN.AIDS.ZS,DEU,2011,0.10000,,
SH.DYN.AIDS.ZS,DEU,2012,0.10000,,
SH.DYN.AIDS.ZS,DEU,2013,0.10000,,
SH.DYN.AIDS.ZS,DEU,2014,0.10000,,
SH.DYN.AIDS.ZS,DEU,2015,0.10000,,
SH.DYN.AIDS.ZS,DEU,2016,0.10000,,
SH.DYN.AIDS.ZS,DEU,2017,0.10000,,
SH.DYN.AIDS.ZS,DEU,2018,0.10000,,
SH.DYN.AIDS.ZS,DEU,2019,0.10000,,
SH.DYN.AIDS.ZS,DEU,2020,0.10000,,
SH.DYN.AIDS.ZS,DEU,2021,0.10000,,
SI.POV.LMIC,DEU,1991,0,,
SI.POV.LMIC,DEU,1992,0.20000,,
SI.POV.LMIC,DEU,1993,0,,
SI.POV.LMIC,DEU,1994,0.20000,,
SI.POV.LMIC,DEU,1995,0.20000,,
SI.POV.LMIC,DEU,1996,0.20000,,
SI.POV.LMIC,DEU,1997,0.20000,,
SI.POV.LMIC,DEU,1998,0,,
SI.POV.LMIC,DEU,1999,0.20000,,
SI.POV.LMIC,DEU,2000,0,,
SI.POV.LMIC,DEU,2001,0.20000,,
SI.POV.LMIC,DEU,2002,0,,
SI.POV.LMIC,DEU,2003,0.20000,,
SI.POV.LMIC,DEU,2004,0,,
SI.POV.LMIC,DEU,2005,0,,
SI.POV.LMIC,DEU,2006,0,,
SI.POV.LMIC,DEU,2007,0,,
SI.POV.LMIC,DEU,2008,0.20000,,
SI.POV.LMIC,DEU,2009,0,,
SI.POV.LMIC,DEU,2010,0.20000,,
SI.POV.LMIC,DEU,2011,0,,
SI.POV.LMIC,DEU,2012,0,,
SI.POV.LMIC,DEU,2013,0,,
SI.POV.LMIC,DEU,2014,0.20000,,
SI.POV.LMIC,DEU,2015,0,,
SI.POV.LMIC,DEU,2016,0.20000,,
SI.POV.LMIC,DEU,2017,0.50000,,
SI.POV.LMIC,DEU,2018,0.20000,,
SI.POV.LMIC,DEU,2019,0.20000,,
SP.DYN.IMRT.IN,DEU,1970,22.10000,,
SP.DYN.IMRT.IN,DEU,1971,21.30000,,
SP.DYN.IMRT.IN,DEU,1972,20.60000,,
SP.DYN.IMRT.IN,DEU,1973,19.70000,,
SP.DYN.IMRT.IN,DEU,1974,18.70000,,
SP.DYN.IMRT.IN,DEU,1975,17.70000,,
SP.DYN.IMRT.IN,DEU,1976,16.60000,,
SP.DYN.IMRT.IN,DEU,1977,15.50000,,
SP.DYN.IMRT.IN,DEU,1978,14.40000,,
SP.DYN.IMRT.IN,DEU,1979,13.50000,,
SP.DYN.IMRT.IN,DEU,1980,12.60000,,
SP.DYN.IMRT.IN,DEU,1981,11.80000,,
SP.DYN.IMRT.IN,DEU,1982,11,,
SP.DYN.IMRT.IN,DEU,1983,10.40000,,
SP.DYN.IMRT.IN,DEU,1984,9.80000,,
SP.DYN.IMRT.IN,DEU,1985,9.20000,,
SP.DYN.IMRT.IN,DEU,1986,8.70000,,
SP.DYN.IMRT.IN,DEU,1987,8.30000,,
SP.DYN.IMRT.IN,DEU,1988,7.80000,,
SP.DYN.IMRT.IN,DEU,1989,7.40000,,
SP.DYN.IMRT.IN,DEU,1990,7,,
SP.DYN.IMRT.IN,DEU,1991,6.60000,,
SP.DYN.IMRT.IN,DEU,1992,6.20000,,
SP.DYN.IMRT.IN,DEU,1993,5.90000,,
SP.DYN.IMRT.IN,DEU,1994,5.50000,,
SP.DYN.IMRT.IN,DEU,1995,5.30000,,
SP.DYN.IMRT.IN,DEU,1996,5,,
SP.DYN.IMRT.IN,DEU,1997,4.80000,,
SP.DYN.IMRT.IN,DEU,1998,4.70000,,
SP.DYN.IMRT.IN,DEU,1999,4.50000,,
SP.DYN.IMRT.IN,DEU,2000,4.40000,,
SP.DYN.IMRT.IN,DEU,2001,4.30000,,
SP.DYN.IMRT.IN,DEU,2002,4.20000,,
SP.DYN.IMRT.IN,DEU,2003,4.10000,,
SP.DYN.IMRT.IN,DEU,2004,4,,
SP.DYN.IMRT.IN,DEU,2005,3.90000,,
SP.DYN.IMRT.IN,DEU,2006,3.80000,,
SP.DYN.IMRT.IN,DEU,2007,3.70000,,
SP.DYN.IMRT.IN,DEU,2008,3.60000,,
SP.DYN.IMRT.IN,DEU,2009,3.50000,,
SP.DYN.IMRT.IN,DEU,2010,3.50000,,
SP.DYN.IMRT.IN,DEU,2011,3.40000,,
SP.DYN.IMRT.IN,DEU,2012,3.40000,,
SP.DYN.IMRT.IN,DEU,2013,3.30000,,
SP.DYN.IMRT.IN,DEU,2014,3.30000,,
SP.DYN.IMRT.IN,DEU,2015,3.30000,,
SP.DYN.IMRT.IN,DEU,2016,3.30000,,
SP.DYN.IMRT.IN,DEU,2017,3.20000,,
SP.DYN.IMRT.IN,DEU,2018,3.20000,,
SP.DYN.IMRT.IN,DEU,2019,3.20000,,
SP.DYN.IMRT.IN,DEU,2020,3.10000,,
SP.DYN.IMRT.IN,DEU,2021,3.10000,,
SP.DYN.IMRT.IN,DEU,2022,3,,
SP.DYN.LE00.IN,DEU,1970,70.44720,,
SP.DYN.LE00.IN,DEU,1971,70.67676,,
SP.DYN.LE00.IN,DEU,1972,70.90671,,
SP.DYN.LE00.IN,DEU,1973,71.11280,,
SP.DYN.LE00.IN,DEU,1974,71.41893,,
SP.DYN.LE00.IN,DEU,1975,71.25924,,
SP.DYN.LE00.IN,DEU,1976,71.71222,,
SP.DYN.LE00.IN,DEU,1977,72.30732,,
SP.DYN.LE00.IN,DEU,1978,72.29041,,
SP.DYN.LE00.IN,DEU,1979,72.63017,,
SP.DYN.LE00.IN,DEU,1980,72.80032,,
SP.DYN.LE00.IN,DEU,1981,73.04022,,
SP.DYN.LE00.IN,DEU,1982,73.33315,,
SP.DYN.LE00.IN,DEU,1983,73.62215,,
SP.DYN.LE00.IN,DEU,1984,74.07229,,
SP.DYN.LE00.IN,DEU,1985,74.18910,,
SP.DYN.LE00.IN,DEU,1986,74.39683,,
SP.DYN.LE00.IN,DEU,1987,74.80702,,
SP.DYN.LE00.IN,DEU,1988,74.99873,,
SP.DYN.LE00.IN,DEU,1989,75.19154,,
SP.DYN.LE00.IN,DEU,1990,75.08563,,
SP.DYN.LE00.IN,DEU,1991,75.31951,,
SP.DYN.LE00.IN,DEU,1992,75.81951,,
SP.DYN.LE00.IN,DEU,1993,75.87073,,
SP.DYN.LE00.IN,DEU,1994,76.27073,,
SP.DYN.LE00.IN,DEU,1995,76.42195,,
SP.DYN.LE00.IN,DEU,1996,76.67317,,
SP.DYN.LE00.IN,DEU,1997,77.07317,,
SP.DYN.LE00.IN,DEU,1998,77.47561,,
SP.DYN.LE00.IN,DEU,1999,77.72683,,
SP.DYN.LE00.IN,DEU,2000,77.92683,,
SP.DYN.LE00.IN,DEU,2001,78.32927,,
SP.DYN.LE00.IN,DEU,2002,78.22927,,
SP.DYN.LE00.IN,DEU,2003,78.38049,,
SP.DYN.LE00.IN,DEU,2004,78.68049,,
SP.DYN.LE00.IN,DEU,2005,78.93171,,
SP.DYN.LE00.IN,DEU,2006,79.13171,,
SP.DYN.LE00.IN,DEU,2007,79.53415,,
SP.DYN.LE00.IN,DEU,2008,79.73659,,
SP.DYN.LE00.IN,DEU,2009,79.83659,,
SP.DYN.LE00.IN,DEU,2010,79.98780,,
SP.DYN.LE00.IN,DEU,2011,80.43659,,
SP.DYN.LE00.IN,DEU,2012,80.53902,,
SP.DYN.LE00.IN,DEU,2013,80.49024,,
SP.DYN.LE00.IN,DEU,2014,81.09024,,
SP.DYN.LE00.IN,DEU,2015,80.64146,,
SP.DYN.LE00.IN,DEU,2016,80.99024,,
SP.DYN.LE00.IN,DEU,2017,80.99268,,
SP.DYN.LE00.IN,DEU,2018,80.89268,,
SP.DYN.LE00.IN,DEU,2019,81.29268,,
SP.DYN.LE00.IN,DEU,2020,81.04146,,
SP.DYN.LE00.IN,DEU,2021,80.79024,,
SP.DYN.LE00.IN,DEU,2022,80.70561,,
SP.DYN.TFRT.IN,DEU,1970,2.03000,,
SP.DYN.TFRT.IN,DEU,1971,1.92000,,
SP.DYN.TFRT.IN,DEU,1972,1.71000,,
SP.DYN.TFRT.IN,DEU,1973,1.54000,,
SP.DYN.TFRT.IN,DEU,1974,1.51000,,
SP.DYN.TFRT.IN,DEU,1975,1.45000,,
SP.DYN.TFRT.IN,DEU,1976,1.45000,,
SP.DYN.TFRT.IN,DEU,1977,1.40000,,
SP.DYN.TFRT.IN,DEU,1978,1.38000,,
SP.DYN.TFRT.IN,DEU,1979,1.38000,,
SP.DYN.TFRT.IN,DEU,1980,1.44000,,
SP.DYN.TFRT.IN,DEU,1981,1.43000,,
SP.DYN.TFRT.IN,DEU,1982,1.41000,,
SP.DYN.TFRT.IN,DEU,1983,1.33000,,
SP.DYN.TFRT.IN,DEU,1984,1.29000,,
SP.DYN.TFRT.IN,DEU,1985,1.37000,,
SP.DYN.TFRT.IN,DEU,1986,1.43000,,
SP.DYN.TFRT.IN,DEU,1987,1.43000,,
SP.DYN.TFRT.IN,DEU,1988,1.46000,,
SP.DYN.TFRT.IN,DEU,1989,1.42000,,
SP.DYN.TFRT.IN,DEU,1990,1.45000,,
SP.DYN.TFRT.IN,DEU,1991,1.33000,,
SP.DYN.TFRT.IN,DEU,1992,1.29000,,
SP.DYN.TFRT.IN,DEU,1993,1.28000,,
SP.DYN.TFRT.IN,DEU,1994,1.24000,,
SP.DYN.TFRT.IN,DEU,1995,1.25000,,
SP.DYN.TFRT.IN,DEU,1996,1.30000,,
SP.DYN.TFRT.IN,DEU,1997,1.35000,,
SP.DYN.TFRT.IN,DEU,1998,1.36000,,
SP.DYN.TFRT.IN,DEU,1999,1.36000,,
SP.DYN.TFRT.IN,DEU,2000,1.38000,,
SP.DYN.TFRT.IN,DEU,2001,1.35000,,
SP.DYN.TFRT.IN,DEU,2002,1.34000,,
SP.DYN.TFRT.IN,DEU,2003,1.34000,,
SP.DYN.TFRT.IN,DEU,2004,1.36000,,
SP.DYN.TFRT.IN,DEU,2005,1.34000,,
SP.DYN.TFRT.IN,DEU,2006,1.33000,,
SP.DYN.TFRT.IN,DEU,2007,1.37000,,
SP.DYN.TFRT.IN,DEU,2008,1.38000,,
SP.DYN.TFRT.IN,DEU,2009,1.36000,,
SP.DYN.TFRT.IN,DEU,2010,1.39000,,
SP.DYN.TFRT.IN,DEU,2011,1.39000,,
SP.DYN.TFRT.IN,DEU,2012,1.41000,,
SP.DYN.TFRT.IN,DEU,2013,1.42000,,
SP.DYN.TFRT.IN,DEU,2014,1.47000,,
SP.DYN.TFRT.IN,DEU,2015,1.50000,,
SP.DYN.TFRT.IN,DEU,2016,1.60000,,
SP.DYN.TFRT.IN,DEU,2017,1.57000,,
SP.DYN.TFRT.IN,DEU,2018,1.57000,,
SP.DYN.TFRT.IN,DEU,2019,1.54000,,
SP.DYN.TFRT.IN,DEU,2020,1.53000,,
SP.DYN.TFRT.IN,DEU,2021,1.58000,,
SP.DYN.TFRT.IN,DEU,2022,1.45500,,
SP.POP.GROW,DEU,1970,0.33266,,
SP.POP.GROW,DEU,1971,0.18348,,
SP.POP.GROW,DEU,1972,0.47848,,
SP.POP.GROW,DEU,1973,0.31494,,
SP.POP.GROW,DEU,1974,0.03897,,
SP.POP.GROW,DEU,1975,-0.37285,,
SP.POP.GROW,DEU,1976,-0.42877,,
SP.POP.GROW,DEU,1977,-0.22638,,
SP.POP.GROW,DEU,1978,-0.08703,,
SP.POP.GROW,DEU,1979,0.04421,,
SP.POP.GROW,DEU,1980,0.20743,,
SP.POP.GROW,DEU,1981,0.15231,,
SP.POP.GROW,DEU,1982,-0.09511,,
SP.POP.GROW,DEU,1983,-0.26215,,
SP.POP.GROW,DEU,1984,-0.34567,,
SP.POP.GROW,DEU,1985,-0.22349,,
SP.POP.GROW,DEU,1986,0.04577,,
SP.POP.GROW,DEU,1987,0.15362,,
SP.POP.GROW,DEU,1988,0.39068,,
SP.POP.GROW,DEU,1989,0.77334,,
SP.POP.GROW,DEU,1990,0.86197,,
SP.POP.GROW,DEU,1991,0.72861,,
SP.POP.GROW,DEU,1992,0.76035,,
SP.POP.GROW,DEU,1993,0.65739,,
SP.POP.GROW,DEU,1994,0.34686,,
SP.POP.GROW,DEU,1995,0.29390,,
SP.POP.GROW,DEU,1996,0.28947,,
SP.POP.GROW,DEU,1997,0.14631,,
SP.POP.GROW,DEU,1998,0.01514,,
SP.POP.GROW,DEU,1999,0.06463,,
SP.POP.GROW,DEU,2000,0.13543,,
SP.POP.GROW,DEU,2001,0.16823,,
SP.POP.GROW,DEU,2002,0.16813,,
SP.POP.GROW,DEU,2003,0.05536,,
SP.POP.GROW,DEU,2004,-0.02171,,
SP.POP.GROW,DEU,2005,-0.05678,,
SP.POP.GROW,DEU,2006,-0.11280,,
SP.POP.GROW,DEU,2007,-0.13372,,
SP.POP.GROW,DEU,2008,-0.19014,,
SP.POP.GROW,DEU,2009,-0.25338,,
SP.POP.GROW,DEU,2010,-0.15320,,
SP.POP.GROW,DEU,2011,-1.85371,,
SP.POP.GROW,DEU,2012,0.18773,,
SP.POP.GROW,DEU,2013,0.27290,,
SP.POP.GROW,DEU,2014,0.41688,,
SP.POP.GROW,DEU,2015,0.86570,,
SP.POP.GROW,DEU,2016,0.80722,,
SP.POP.GROW,DEU,2017,0.37372,,
SP.POP.GROW,DEU,2018,0.30053,,
SP.POP.GROW,DEU,2019,0.22552,,
SP.POP.GROW,DEU,2020,0.08169,,
SP.POP.GROW,DEU,2021,0.04233,,
SP.POP.GROW,DEU,2022,0.72088,,
SP.POP.GROW,DEU,2023,0.81327,,
SP.RUR.TOTL.ZS,DEU,1970,27.72600,,
SP.RUR.TOTL.ZS,DEU,1971,27.66800,,
SP.RUR.TOTL.ZS,DEU,1972,27.61100,,
SP.RUR.TOTL.ZS,DEU,1973,27.55400,,
SP.RUR.TOTL.ZS,DEU,1974,27.49700,,
SP.RUR.TOTL.ZS,DEU,1975,27.44000,,
SP.RUR.TOTL.ZS,DEU,1976,27.38300,,
SP.RUR.TOTL.ZS,DEU,1977,27.32600,,
SP.RUR.TOTL.ZS,DEU,1978,27.27000,,
SP.RUR.TOTL.ZS,DEU,1979,27.21300,,
SP.RUR.TOTL.ZS,DEU,1980,27.15600,,
SP.RUR.TOTL.ZS,DEU,1981,27.01100,,
SP.RUR.TOTL.ZS,DEU,1982,26.89300,,
SP.RUR.TOTL.ZS,DEU,1983,26.89700,,
SP.RUR.TOTL.ZS,DEU,1984,27.05700,,
SP.RUR.TOTL.ZS,DEU,1985,27.28900,,
SP.RUR.TOTL.ZS,DEU,1986,27.38300,,
SP.RUR.TOTL.ZS,DEU,1987,27.16400,,
SP.RUR.TOTL.ZS,DEU,1988,27.00100,,
SP.RUR.TOTL.ZS,DEU,1989,27.02400,,
SP.RUR.TOTL.ZS,DEU,1990,26.88200,,
SP.RUR.TOTL.ZS,DEU,1991,26.73100,,
SP.RUR.TOTL.ZS,DEU,1992,26.64000,,
SP.RUR.TOTL.ZS,DEU,1993,26.50300,,
SP.RUR.TOTL.ZS,DEU,1994,26.29000,,
SP.RUR.TOTL.ZS,DEU,1995,26.07800,,
SP.RUR.TOTL.ZS,DEU,1996,25.86700,,
SP.RUR.TOTL.ZS,DEU,1997,25.65800,,
SP.RUR.TOTL.ZS,DEU,1998,25.44900,,
SP.RUR.TOTL.ZS,DEU,1999,25.24200,,
SP.RUR.TOTL.ZS,DEU,2000,25.03500,,
SP.RUR.TOTL.ZS,DEU,2001,24.83000,,
SP.RUR.TOTL.ZS,DEU,2002,24.62600,,
SP.RUR.TOTL.ZS,DEU,2003,24.42300,,
SP.RUR.TOTL.ZS,DEU,2004,24.22100,,
SP.RUR.TOTL.ZS,DEU,2005,24.02000,,
SP.RUR.TOTL.ZS,DEU,2006,23.82100,,
SP.RUR.TOTL.ZS,DEU,2007,23.62200,,
SP.RUR.TOTL.ZS,DEU,2008,23.42500,,
SP.RUR.TOTL.ZS,DEU,2009,23.22900,,
SP.RUR.TOTL.ZS,DEU,2010,23.03400,,
SP.RUR.TOTL.ZS,DEU,2011,22.84000,,
SP.RUR.TOTL.ZS,DEU,2012,22.83000,,
SP.RUR.TOTL.ZS,DEU,2013,22.82000,,
SP.RUR.TOTL.ZS,DEU,2014,22.81000,,
SP.RUR.TOTL.ZS,DEU,2015,22.80000,,
SP.RUR.TOTL.ZS,DEU,2016,22.77600,,
SP.RUR.TOTL.ZS,DEU,2017,22.73900,,
SP.RUR.TOTL.ZS,DEU,2018,22.68800,,
SP.RUR.TOTL.ZS,DEU,2019,22.62400,,
SP.RUR.TOTL.ZS,DEU,2020,22.54700,,
SP.RUR.TOTL.ZS,DEU,2021,22.45600,,
SP.RUR.TOTL.ZS,DEU,2022,22.35200,,
SP.RUR.TOTL.ZS,DEU,2023,22.23500,,
XTGOV.IMF,DEU,1991,736883000000,,
XTGOV.IMF,DEU,1992,805365000000,,
XTGOV.IMF,DEU,1993,844450000000,,
XTGOV.IMF,DEU,1994,883250000000,,
XTGOV.IMF,DEU,1995,1044253000000,,
XTGOV.IMF,DEU,1996,949528000000,,
XTGOV.IMF,DEU,1997,952498000000,,
XTGOV.IMF,DEU,1998,969848000000,,
XTGOV.IMF,DEU,1999,992918000000,,
XTGOV.IMF,DEU,2000,1007254000000,,
XTGOV.IMF,DEU,2001,1030137000000,,
XTGOV.IMF,DEU,2002,1052274000000,,
XTGOV.IMF,DEU,2003,1068281000000,,
XTGOV.IMF,DEU,2004,1058667000000,,
XTGOV.IMF,DEU,2005,1071405000000,,
XTGOV.IMF,DEU,2006,1078898000000,,
XTGOV.IMF,DEU,2007,1084748000000,,
XTGOV.IMF,DEU,2008,1125536000000,,
XTGOV.IMF,DEU,2009,1178850000000,,
XTGOV.IMF,DEU,2010,1234544000000,,
XTGOV.IMF,DEU,2011,1218524000000,,
XTGOV.IMF,DEU,2012,1233138000000,,
XTGOV.IMF,DEU,2013,1263544000000,,
XTGOV.IMF,DEU,2014,1296940000000,,
XTGOV.IMF,DEU,2015,1335789000000,,
XTGOV.IMF,DEU,2016,1390374000000,,
XTGOV.IMF,DEU,2017,1443273000000,,
XTGOV.IMF,DEU,2018,1491601000000,,
XTGOV.IMF,DEU,2019,1563438000000,,
XTGOV.IMF,DEU,2020,1717583000000,,
XTGOV.IMF,DEU,2021,1842603000000,,
XTGOV.IMF,DEU,2022,1918143000000,,
XTGOV.IMF,DEU,2023,1989170000000,,
